ISO_Code,Countries,Procedural Justice,Civil Justice,Criminal Justice,Rule of Law,Homicide,Disappearances,Violent Conflicts,Organised Conflicts,Terrorism Fatalities,Terrorism Injuries,Disapperances  Conflicts and Terrorism,Female Genital Mutilation,Missing Women,Inheritance Rights: Widows,Inheritance Rights: Daughters,Inheritance Rights,Womens Security & Safety,Security & Safety,Domestic Movement,Foreign Movement,Womens Movement,Movement,Establishing and Operating Religious Organizations,Harassment and Physical Hostilities,Legal and Regulatory Restrictions,Religion,Association,Assembly,Political Parties,Professional Organizations,Educational Sporting and Cultural Organizations,Establishing and Operating Organizations,Association Assembly & Civil Society,Press Killed,Press Jailed,Laws and Regulations that Influence Media Content,Political Pressures and Controls on Media Content,Access to Cable/Satellite,Access to Foreign Newspapers,State Control over Internet Access,Expression & Information,Legal Gender,Parental Authority: In Marriage,Parental Authority: After Divorce,Parental Rights,Male to Male Relationships,Female to Female Relationships,SameSex Relationships,Divorce,Identity & Relationships,PERSONAL FREEDOM (Score),Government Consumption,Transfers and subsidies,Government enterprises and investment,Top marginal income tax rate,Top marginal income and payroll tax rate,Top marginal tax rate,Size of Government,Judicial independence,Impartial courts,Protection of property rights,Military interference in rule of law and politics,Integrity of the legal system,Legal enforcement of contracts,Regulatory restrictions on the sale of real property,Reliability of police,Business costs of crime,Gender Adjustment,Legal System & Property Rights,Money growth,Standard deviation of inflation,Inflation: Most recent year,Freedom to own foreign currency bank accounts,Sound Money, Revenue from trade taxes (% of trade sector),Mean tariff rate,Standard deviation of tariff rates,Tariffs,Nontariff trade barriers,Compliance costs of importing and exporting,Regulatory trade barriers,Black market exchange rates,Foreign ownership / investment restrictions,Capital controls,Freedom of foreigners to visit,Controls of the movement of capital and people,Freedom to trade internationally,Ownership of banks,Private sector credit,Interest rate controls/negative real interest rates),Credit market regulations,Hiring regulations and minimum wage,Hiring and firing regulations,Centralized collective bargaining,Hours Regulations,Mandated cost of worker dismissal,Conscription,Labor market regulations,Administrative requirements,Bureaucracy costs,Starting a  business,Extra payments/bribes/favoritism,Licensing restrictions,Tax compliance,Business regulations,Regulation,ECONOMIC FREEDOM (Score),HUMAN FREEDOM (Score),HUMAN FREEDOM (Rank),HUMAN FREEDOM (Quartile),Income per Capita,Democracy
ALB,Albania,6.11,4.8,4.58,5.16,9.09,10,10,10,10,10,10,10,7.5,5,5,5,7.5,8.86,5,10,5,6.67,10,9.23,8.47,9.24,10,10,8.75,10,10,9.58,9.86,10,10,5,5.5,10,10,10,8.64,,10,10,10,10,10,10,5,8.33,7.78,8.41,7.44,8,9,7,8,7.96,2.75,2.97,4.23,8.33,4.17,4.39,6.39,6.72,6.28,0.95,5,9.29,9.43,9.62,10,9.59,9.35,9.24,8.02,8.87,5.44,9.41,7.42,10,5.55,4.62,8.3,6.16,8.11,5,7.63,10,7.54,5.57,5.03,6.4,8,6.3,10,6.88,6.08,6,9.73,4.19,7.32,7.07,6.73,7.05,7.54,7.66,47,2,11025,5.48
DZA,Algeria,,,,3.9,9.45,10,9.29,5,9.82,9.9,8.8,10,7.5,0,0,0,5.83,8.03,5,5,5,5,5,6.9,4.07,5.32,5,5,3.75,5,5,4.58,4.86,10,10,2.67,4.25,7.5,5,7.5,6.7,,0,5,2.5,0,0,0,0,0.83,5.25,1.92,7.82,0,7,2,4.5,3.56,4.07,4.16,4.39,4.17,5,4.51,6.63,6.09,6,0.82,4.55,7.03,6.34,9.04,5,6.85,8.48,6.24,5.79,6.84,4.29,0,2.14,5.56,3.36,0,1.11,1.49,4.01,0,5.57,10,5.19,5.57,3.78,5.09,6,7.76,1,4.87,3.75,1.56,9.24,3.6,8.8,7.03,5.66,5.24,4.84,5.05,153,4,13724,3.84
AGO,Angola,,,,3.51,6.14,5,10,7.5,10,10,8.5,10,10,5,5,5,8.33,7.66,0,5,10,5,5,8.82,7.46,7.09,2.5,2.5,2.5,2.5,5,3.33,2.78,10,10,3.33,2.5,7.5,7.5,7.5,6.9,10,10,10,10,0,0,0,10,7.5,5.72,6.31,8.01,0,10,9,9.5,5.96,1.84,1.97,2.51,3.33,4.17,2.3,5.42,3.02,4.29,0.85,2.96,9.05,5.55,7.94,5,6.89,8.92,7.72,4.25,6.96,3.13,0,1.57,10,2.95,3.08,0.11,2.04,5.14,8,9.19,9,8.73,8.9,2.66,5.17,4,6.63,0,4.56,2.76,1.56,8.56,2.17,7.61,6.78,4.9,6.07,5.4,5.56,142,4,6231,3.38
ARG,Argentina,6.68,5.67,4.26,5.54,7.39,10,10,7.5,10,10,9.5,10,10,10,10,10,10,8.96,10,10,10,10,7.5,8.94,7.22,7.89,7.5,10,7.5,5,7.5,6.67,8.06,10,10,5.33,5,10,7.5,10,8.26,10,10,10,10,10,10,10,10,10,8.05,5.36,4.12,6,7,1,4,4.87,3.03,2.89,3.66,7.5,3.33,4.12,6.86,3.28,4.15,0.77,3.82,5.18,5.92,4.72,10,6.46,4.15,7.28,6.03,5.82,4.04,5.16,4.6,0,4.78,0.77,7.97,4.51,3.73,5,5.29,10,6.76,1.67,2.26,2.73,10,2.52,10,4.86,2.05,4.44,9.1,2.6,5.35,5.98,4.92,5.51,4.88,6.46,108,3,19101,6.79
ARM,Armenia,,,,4.68,9.02,10,10,7.5,10,9.93,9.49,10,5,10,10,10,8.33,8.95,5,5,10,6.67,10,8.56,5.56,8.04,7.5,7.5,10,5,5,6.67,7.22,10,10,3.33,4.25,10,5,7.5,7.15,7,10,10,10,10,10,10,5,8,7.11,7.54,7.94,8,5,5,5,7.12,3.6,4.04,5.48,5.83,5,5.2,9.8,5.68,7.37,1,5.78,9.54,9.13,9.25,10,9.48,9.11,8.78,8.39,8.76,6.14,8.47,7.3,10,5.33,5.38,10,6.91,8.24,10,6.99,10,9,5.57,6.01,7.86,10,8.99,0,6.41,4.57,5.78,9.86,4.4,9.55,6.49,6.78,7.39,7.6,7.36,54,2,8180,3.53
AUS,Australia,8.5,7.67,7.52,7.89,9.61,10,10,10,9.97,10,9.99,10,10,10,10,10,10,9.87,10,10,10,10,10,8.67,8.76,9.14,10,10,10,10,10,10,10,10,10,8,7.5,10,10,10,9.36,7,10,10,10,10,10,10,10,9.25,9.22,4.71,6.66,10,5,5,5,6.59,8.73,5.94,8.09,10,9.17,6.16,8.21,8.76,6.89,1,7.99,8.82,8.92,9.7,10,9.36,9.07,9.5,8.5,9.02,6.5,8.42,7.46,10,7.02,4.62,0.11,3.92,7.6,10,8.75,10,9.58,8.9,3.56,4.91,10,7.93,10,7.55,3.98,10,9.91,6.97,9.09,8.82,8.13,8.42,7.99,8.6,5,1,43832,8.76
AUT,Austria,9.37,8.03,8.33,8.58,9.8,10,10,10,10,10,10,10,10,10,10,10,10,9.93,10,10,10,10,10,8.22,6.48,8.23,10,10,10,10,10,10,10,10,10,7.33,7.75,10,10,10,9.3,10,10,10,10,10,10,10,10,10,9.38,3.69,3.15,10,4,3,3.5,5.09,7.29,6.19,8.19,10,10,6.22,8.1,8.63,7.51,1,8.02,8.76,9.89,9.82,10,9.62,9.1,8.98,7,8.36,6.4,9.96,8.18,10,7.02,3.08,7.74,5.95,8.12,8,9.38,10,9.13,8.9,3.33,2.98,6,10,3,5.7,4.45,8.89,9.28,6.46,7.3,8.53,7.49,7.44,7.66,8.52,12,1,44075,8.32
AZE,Azerbaijan,,,,4.26,9.02,10,7.51,7.5,10,10,9,10,7.5,5,10,7.5,8.33,8.79,5,5,5,5,2.5,8.55,6.02,5.69,2.5,5,2.5,2.5,2.5,2.5,3.33,10,1.71,0.33,0.5,7.5,10,7.5,5.36,0,10,10,10,10,10,10,5,6.25,5.83,6.38,7.88,0,9,4,6.5,5.19,4.44,5.02,5.4,5,5.83,7.25,9.77,5.45,7.58,0.72,5.32,9.7,5.36,9.17,5,7.31,8.89,8.18,6.61,7.9,5.59,7.64,6.61,10,5.66,4.62,1.44,3.9,7.1,5,8.72,9,7.57,8.33,5.84,7.76,8,7.76,1,6.45,5.52,6.44,9.89,4.5,7.6,7.81,6.96,6.99,6.38,6.1,128,4,16699,2.43
BHS,Bahamas,6.94,6.2,6.75,6.63,0,10,10,,10,10,10,,,,,,,5,10,10,,10,,9.36,6.25,7.8,,,,,,,,10,10,8.33,7.5,,,,8.96,,,,,10,10,10,,10,7.5,5.99,8.9,7,10,10,10,7.97,,6.6,,10,7.5,4.7,6.15,,,0.95,6.8,8.69,9.09,9.6,0,6.84,4.64,3.22,2.27,3.38,,8.11,8.11,10,,0.77,10,5.38,6.72,10,5.87,10,8.62,8.9,,,8,6.55,10,8.36,,5.56,9.17,,7.98,7.39,7.52,8.17,7.3,7.4,53,2,21670,
BHR,Bahrain,,,,5.97,9.78,10,10,2.5,8.79,6.81,7.62,10,7.5,0,0,0,5.83,7.74,10,5,5,6.67,10,8.29,4.99,7.76,5,0,6.25,0,10,5.42,3.47,10,0,0.67,0.75,7.5,10,2.5,4.49,,0,0,0,10,10,10,0,3.33,6,3.49,9.58,4,10,10,10,6.77,6.82,6.23,7.44,5,7.5,4.79,8.86,7.76,7.29,0.54,5.27,9.96,7.13,9.63,10,9.18,9.48,9.06,7.29,8.61,6.71,5.88,6.3,10,7.46,6.15,0.77,4.79,7.43,10,5.28,10,8.43,8.33,5.69,7.75,8,9.59,10,8.23,6.08,7.78,9.67,6.6,8.53,9.7,8.06,8.24,7.38,6.69,88,3,44508,2.91
BGD,Bangladesh,2.03,3.93,3.31,3.09,9,5,10,5,9.84,9.14,7.8,10,7.5,0,0,0,5.83,7.54,5,5,5,5,7.5,7.13,5.04,6.56,5,7.5,7.5,7.5,7.5,7.5,6.67,6.89,9.69,4,3.25,7.5,7.5,7.5,6.62,10,0,0,0,0,10,5,0,3.75,5.52,9.72,9.58,7,9,9,9,8.83,3.18,3.04,4.73,4.17,3.33,0.94,3.09,3.48,4.3,0.79,3.02,9.83,9.53,8.76,0,7.03,6.53,7.22,6.16,6.64,5.91,0.16,3.04,10,5.24,0,7.63,4.29,5.99,5,8.63,10,7.88,10,5.48,7.1,10,1.37,10,7.32,3.6,3.78,9.23,2.02,6.53,5.12,5.05,6.75,6.32,5.92,133,4,3133,5.47
BRD,Barbados,8.04,6.78,6.08,6.97,5.64,10,10,,10,10,10,,,,,,,7.82,10,10,,10,,9.44,8.19,8.82,,,,,,,,10,10,9,7.75,,,,9.19,,,,,0,0,0,,0,7.2,7.25,5.97,6,6,6,6,6.3,6.43,4.11,6.5,9.8,,3.8,6.17,7.5,4.9,0.87,5.76,7.85,9.25,9.79,0,6.72,8.35,7.86,5.63,7.28,6.04,5.29,5.66,10,6.84,0,9.4,5.42,7.09,8,0.86,10,6.29,8.9,3.9,5.59,8,5.68,10,7.01,4.18,6.67,9.44,4.35,5,7.34,6.16,6.49,6.47,6.83,78,2,15390,
BEL,Belgium,9.06,7.61,7.56,8.08,9.22,10,10,10,10,10,10,10,10,10,10,10,10,9.74,10,10,10,10,10,8.3,6.62,8.31,10,10,10,10,10,10,10,10,10,9.33,9,10,10,10,9.76,7,10,10,10,10,10,10,10,9.25,9.19,2.41,2.31,10,2,0,1,3.93,7.88,5.9,7.89,10,8.33,5.57,4.77,8.13,6.82,1,7.25,9,9.76,9.89,10,9.66,9.1,8.98,7,8.36,6.62,9.96,8.29,10,7.58,3.85,7.74,6.39,8.26,10,8.82,10,9.61,8.9,3.74,4.68,6,10,10,7.22,3.73,8.67,9.44,6.89,7.46,8.2,7.45,8.09,7.44,8.31,22,1,41723,7.56
BLZ,Belize,4.16,4.7,3.21,4.02,0,10,10,,10,10,10,,,,,,,5,10,10,,10,,9.89,8.33,9.11,,,,,,,,10,10,7.33,7.75,,,,8.77,,,,,0,10,5,,5,6.37,6.57,8.43,4,9,,9,7,3.43,4.3,4.73,6.4,,3.33,7.29,3.33,4.77,0.84,4.32,8.22,9.81,9.82,0,6.96,7.34,7.82,5.07,6.74,3.9,5.82,4.86,10,5.16,0,6.31,3.82,6.36,10,9.84,10,9.95,7.77,6.03,7.12,8,6.55,10,7.58,3.16,4.89,8.26,2.84,9.14,8.35,6.11,7.88,6.5,6.43,112,3,8061,
BEN,Benin,,,,4.3,7.6,10,10,7.5,10,10,9.5,8.7,7.5,5,5,5,7.07,8.05,5,10,5,6.67,7.5,10,9.63,9.04,10,10,10,10,7.5,9.17,9.72,10,10,5.67,7,10,5,10,8.24,,10,10,10,10,10,10,10,10,7.45,5.92,9.77,4,4,3,3.5,5.8,3.93,3.91,4.74,6.3,,1.07,3.95,5.13,5.52,0.66,3.58,8.96,8.84,9.94,0,6.93,5.84,7.56,7.02,6.81,3.67,5.16,4.41,10,4.9,0.77,1.77,2.48,5.92,10,5.28,10,8.43,6.1,4.34,6.48,8,7.57,1,5.58,3.91,2.22,9.67,2.98,9.48,6.97,5.87,6.63,5.77,6.61,97,3,1987,5.68
BTN,Bhutan,,,,6.05,8.9,10,10,7.5,10,10,9.5,10,7.5,5,5,5,7.5,8.63,5,0,10,5,,9.29,5.92,7.61,,,,,,,,10,10,4,5,,,,7.25,0,,10,10,0,0,0,5,3.75,6.62,4.61,9.9,8,9,8,8.5,7.75,6.36,5.67,6.23,9.2,,7.37,6.9,7.58,7.76,0.92,6.86,9.91,9.11,9.1,0,7.03,9.81,5.54,4.2,6.52,4.99,9.5,7.25,10,3.58,0,0.33,1.3,6.27,5,8.91,9,7.64,10,5.07,6.93,10,10,10,8.67,4.47,2.44,9.48,5.49,8.45,9.05,6.57,7.62,7.11,6.87,75,2,7736,5.21
BOL,Bolivia,4.6,3.46,2.43,3.5,5.16,10,10,7.5,10,10,9.5,10,10,5,5,5,8.33,7.67,10,10,10,10,5,8.89,9.49,7.79,7.5,7.5,8.75,5,5,6.25,7.08,10,10,5,4.75,10,10,10,8.54,10,10,10,10,10,10,10,10,10,7.13,5.84,8.84,0,10,10,10,6.17,0.96,1.7,3.41,5,4.17,3.99,6.75,2.46,5.99,0.87,3.58,8.5,7.22,9.19,10,8.73,9.24,7.68,6.38,7.77,4.92,1.89,3.41,10,4.04,4.62,10,6.22,6.85,8,4.89,10,7.63,1.1,2.01,3.66,8,,3,3.55,2.54,1.33,7.99,2.1,5.67,0,3.27,4.82,6.03,6.58,100,3,6532,5.28
BIH,Bosnia and Herzegovina,6.89,5,5.61,5.83,9.4,10,10,7.5,9.65,9.74,9.38,10,10,5,5,5,8.33,9.04,5,5,10,6.67,10,8.29,8.06,8.78,10,7.5,6.25,10,10,8.75,8.75,10,10,6.67,4.25,10,10,10,8.7,7,10,10,10,10,10,10,10,9.25,7.93,5.68,5.14,4,10,3,6.5,5.33,3.18,2.77,3.57,5.1,,3.79,7.84,4.92,5.06,0.87,4.24,9.34,9.68,9.75,5,8.44,10,8.74,6.98,8.57,4.93,9.6,7.26,10,4.23,3.08,8.52,5.28,7.78,10,8.63,10,9.54,4.43,3.76,5.84,10,7.51,10,6.92,2.63,4.67,7.73,3.19,7.97,5.39,5.26,7.24,6.61,7.27,57,2,10902,4.43
BWA,Botswana,4.13,6.2,5.18,5.17,3.85,10,10,10,10,10,10,10,7.5,5,5,5,7.5,7.12,10,10,5,8.33,,10,8.52,9.26,,,5,,,,,10,10,6,5.25,,,,7.81,10,5,5,5,0,0,0,5,5,6.87,3.84,7.16,4,9,9,9,6,6.11,5.88,6.71,8.33,5.83,3.34,8.1,6.4,5.5,0.97,6.16,8.06,8.89,9.39,10,9.08,3.76,8.48,5.53,5.92,6.03,9.2,7.61,10,6.67,5.38,10,7.35,7.72,8,9.58,10,9.19,10,4.76,6.42,10,3.78,10,7.49,4.14,6.22,8.45,5.14,9.29,8.3,6.92,7.87,7.37,7.12,63,2,15356,7.48
BRA,Brazil,5.22,5.28,3.91,4.8,0,10,10,10,10,10,10,10,10,5,5,5,8.33,6.11,10,10,10,10,5,8.8,9.36,7.72,10,10,8.75,2.5,2.5,4.58,8.19,7.11,10,5.67,4.5,10,10,10,8.18,0,10,10,10,10,10,10,10,7.5,6.89,4.66,6.35,4,8,4,6,5.25,4.61,2.9,5.22,6.67,3.33,3.74,8.39,4.04,2.77,0.92,4.45,9.06,9.61,8.19,5,7.97,8.25,7.3,6.11,7.22,4.46,5.83,5.14,10,5.23,2.31,7.99,5.17,6.88,5,3.7,7,5.23,2.23,1.54,3.03,6,7.13,3,3.82,1.14,4.67,7.4,2.68,5,0,3.48,4.18,5.75,6.32,120,4,14666,6.42
BRN,Brunei Darussalam,,,,5.95,9.8,10,10,,10,10,10,,,,,,,9.9,10,5,,7.5,2.5,8.31,3.52,4.78,0,0,,0,2.5,1.25,0.42,10,10,0.67,3.75,7.5,7.5,2.5,5.99,0,,,,0,10,5,,2.5,6.08,0,,,10,10,10,5,5.1,3.49,5.45,8.33,8.33,4.17,4.8,6.15,6.71,0.79,5.24,9.69,4.42,9.8,10,8.48,,9.76,8.73,9.24,4.94,2.22,3.58,10,4.91,6.15,4.31,5.13,6.99,,6.6,10,8.3,10,4.55,6.76,10,10,10,8.55,3.85,6.89,9.52,5.46,9.69,9.14,7.43,8.09,6.76,6.42,115,3,74600,
BGR,Bulgaria,5.78,5.7,4.14,5.21,9.28,10,10,10,10,10,10,10,10,,10,10,10,9.76,10,10,10,10,10,7.62,6.94,8.19,10,10,8.75,7.5,10,8.75,9.58,10,10,6,6,5,5,10,7.43,10,10,10,10,10,10,10,10,10,8.26,5.73,5.83,8,10,7,8.5,7.01,3.37,3.61,4.48,8.33,5,4.77,8.84,4.21,5,0.85,4.88,8.3,9.14,9.98,10,9.36,9.1,8.98,7,8.36,5.4,9.84,7.62,10,5.1,6.92,7.63,6.55,8.13,10,8.78,10,9.59,5.57,4.76,6.48,6,9.25,10,7.01,4.16,5.56,9.25,3.6,9.2,4.92,6.11,7.57,7.39,7.83,41,2,17000,6.87
BFA,Burkina Faso,4.3,4.66,4.27,4.41,9.71,10,10,7.5,9.89,9.9,9.46,2.4,10,5,5,5,5.8,8.32,10,10,5,8.33,7.5,8.46,8.52,8.16,7.5,7.5,6.25,7.5,7.5,7.08,7.36,10,10,4.67,7,10,10,7.5,8.45,,10,10,10,10,10,10,10,10,7.41,3.75,10,2,9,4,6.5,5.56,1.85,3.59,4.16,3.33,5,2.14,4.76,5.08,4.68,0.87,3.6,8.99,9.44,9.81,0,7.06,7.61,7.56,7.02,7.4,5.49,3.59,4.54,10,5.57,0.77,7.19,4.51,6.61,10,0,10,6.67,6.67,5.15,7.19,6,7.94,10,7.16,4.33,2,9.1,3.14,8.94,6.97,5.75,6.52,5.87,6.64,94,3,1551,4.7
BDI,Burundi,,,,3.43,8.39,5,6.03,0,3.44,6.1,4.11,10,7.5,5,0,2.5,6.67,6.39,0,0,5,1.67,2.5,9.02,7.92,6.48,0,0,7.5,2.5,2.5,4.17,1.39,10,10,1.67,1.75,5,5,0,4.77,,5,10,7.5,0,0,0,10,5.83,4.47,6.07,10,2,8,5,6.5,6.14,1.21,3.1,2.93,1.7,,2.65,8.51,2,3.89,0.9,3.09,8.87,8.36,8.89,5,7.78,8.07,7.44,5.19,6.9,3.94,1.14,2.54,10,3.4,1.54,10,4.98,6.1,5,10,10,8.33,10,3.67,6.19,8,7.76,10,7.6,3.37,2.67,9.73,2.89,9.29,7.4,5.89,7.27,6.08,5.27,150,4,749,2.46
KHM,Cambodia,3.1,1.89,3.01,2.67,9.27,10,10,7.5,10,10,9.5,10,10,10,10,10,10,9.59,10,10,10,10,7.5,9.16,7.03,7.9,10,7.5,7.5,5,5,5.83,7.78,10,10,2.33,3.25,10,10,10,7.94,,10,10,10,10,10,10,5,8.33,7.26,9.83,9.64,2,10,10,10,7.87,2.97,3.01,4.74,6,,1.82,7.53,3.36,5.41,1,4.35,7.77,9.66,9.76,10,9.3,8.12,7.76,6.46,7.45,5.35,3.99,4.67,10,5.99,5.38,10,7.13,7.31,,10,,10,6.67,5.53,6.65,10,6.3,5,6.69,4.17,2.89,6.16,3.33,4.99,8.06,4.93,7.21,7.21,7.23,58,2,3291,4.3
CMR,Cameroon,2.82,3.46,2.99,3.09,7.63,0,0.45,2.5,0,6.05,1.8,9.9,7.5,5,5,5,7.47,5.63,0,5,5,3.33,5,8.5,8.33,7.28,7.5,2.5,8.75,5,5,6.25,5.42,10,9.57,2.67,4.5,7.5,5,7.5,6.68,,10,,10,0,0,0,5,5,4.95,7.91,9.57,10,5,4,4.5,7.99,3.36,4.23,5.13,5,3.33,2.17,3.37,5.56,4.82,0.59,3.26,9.35,9.57,9.46,0,7.1,3.84,6.36,6.29,5.5,3.92,0,1.96,10,5.79,0.83,0.55,2.39,4.96,5,6.41,9,6.8,7.23,5.09,6.65,8,7.01,10,7.33,3.97,1.11,8.71,2.97,8.69,2.94,4.73,6.29,5.92,5.44,145,4,2991,3.62
CAN,Canada,8.48,7.22,7.4,7.7,9.33,10,10,10,10,9.99,10,10,10,10,10,10,10,9.78,10,10,10,10,10,8.44,8.11,8.85,10,10,10,10,10,10,10,10,10,8.33,8.25,10,10,10,9.51,7,10,10,10,10,10,10,10,9.25,9.13,3.85,7.61,8,4,4,4,5.87,8.54,6.51,8.17,10,9.17,3.65,8.67,8.78,7.17,1,7.85,9.1,9.46,9.77,10,9.58,9.73,9.16,1.94,6.94,5.75,9.89,7.82,10,6.97,7.69,5.53,6.73,7.87,10,9.18,10,9.73,8.9,6.35,8.12,8,8.27,10,8.27,4.61,9.33,9.95,6.54,6.86,8.53,7.64,8.55,7.94,8.54,11,1,42983,8.85
CPV,Cape Verde,,,,6.12,6.46,10,10,,10,10,10,,,,,,,8.23,10,10,,10,,9.22,9.12,9.17,,,,,,,,10,10,8,7.75,,,,8.94,,,,,10,10,10,,10,8.35,5.17,9.36,0,8,4,6,5.13,5.52,3.86,5.42,8.4,,6.06,8.83,5.44,5.09,1,6.08,9.29,9.17,9.97,5,8.36,7.25,8,4.84,6.7,5.04,5.38,5.21,10,5.85,3,10,6.28,7.05,,8.48,10,9.24,3.9,4.29,6.15,8,2.52,1,4.31,4.37,3.78,9.49,4.7,8.63,7.98,6.49,6.68,6.66,7.51,49,2,5919,7.49
CAF,Central African Republic,,,,2.46,4.76,5,10,0,0,6.29,4.26,7.6,10,5,5,5,7.53,5.52,,,5,5,10,7.64,8.38,8.67,7.5,10,5,7.5,7.5,6.67,8.06,10,10,3,3,10,2.5,10,6.93,,5,5,5,10,10,10,10,8.33,5.69,9.68,9.58,4,3,,3,6.56,,2.5,,0.8,,0.51,4.93,,,0.69,1.85,8.56,8.24,2.39,0,4.8,0.89,6.4,6.18,4.49,,2.64,2.64,10,,1.54,1.44,1.49,4.65,5,9.59,9,7.86,0,,,6,7.01,0,3.25,,1.11,5.27,,7.65,4.59,4.65,5.26,4.62,5.16,151,4,626,1.38
TCD,Chad,,,,3.36,6.39,5,3.54,2.5,2.73,3.92,3.54,5.6,10,0,0,0,5.2,5.04,10,10,5,8.33,7.5,8.41,8.05,7.99,5,5,7.5,7.5,7.5,7.5,5.83,10,10,2.67,2.5,10,2.5,10,6.81,,0,0,0,10,10,10,5,5,5.5,9.84,9.92,7,1,1,1,6.94,2,3.09,3.34,3.7,,2.22,4.96,3.12,3.33,0.72,2.77,8.86,7.29,9.93,0,6.52,,6.42,6.21,6.31,3.44,0.77,2.11,10,3.63,1.54,1.44,2.2,5.16,2,6.58,9,5.86,5,3.9,5.58,6,7.94,3,5.24,3.59,1.11,6.33,2,7.3,1.41,3.62,4.91,5.26,5.38,148,4,2048,1.22
CHL,Chile,7.85,6.42,5.76,6.68,8.56,10,10,10,10,10,10,10,10,5,5,5,8.33,8.97,10,10,10,10,10,9.67,7.92,9.19,10,10,8.75,10,10,9.58,9.86,10,10,7.33,6.75,10,10,10,9.15,0,0,0,0,10,10,10,10,5,8.23,6.71,7.93,10,7,7,7,7.91,6.38,4.79,7.12,7.5,7.5,5.11,9.07,8.19,5.37,0.9,6.45,8.75,9.37,9.13,10,9.31,9.77,8.8,9.83,9.47,6.91,6.83,6.87,10,7.4,3.08,9.07,6.52,8.21,8,8.85,10,8.95,6.67,3.32,6.16,10,2.52,0,4.78,4.13,8.22,9.82,5.66,8.44,6.74,7.17,6.97,7.77,8,37,1,22537,7.37
CHN,China,4.03,5.23,4.7,4.65,9.7,0,10,5,9.97,9.99,6.99,10,2.5,5,5,5,5.83,7.51,0,0,10,3.33,2.5,7.14,5.18,4.94,2.5,2.5,0,0,0,0,1.67,10,9.64,0,1.25,7.5,7.5,5,5.84,,10,10,10,10,10,10,10,10,5.62,4.01,8.29,2,6,6,6,5.08,5.27,4.97,5.87,5,5.83,6.07,8.51,6.15,6.49,0.87,5.63,9.67,8.74,9.71,5,8.28,9.35,8.02,6.95,8.11,5.49,6.63,6.06,10,5.76,0.77,0.55,2.36,6.63,2,9.4,10,7.13,8.9,5.76,7.18,10,2.52,0,5.73,5.25,3.78,9.07,5.4,6.92,7.1,6.25,6.37,6.4,6.01,130,4,13570,3.56
COL,Colombia,5,4.98,3.41,4.47,0,0,9.07,2.5,7.58,8.74,5.58,10,10,10,10,10,10,5.19,10,10,5,8.33,10,8.94,8.1,9.01,10,10,7.5,10,10,9.17,9.72,7.93,10,5.67,3.5,10,7.5,10,7.8,10,10,10,10,10,10,10,10,10,6.9,5.21,8.85,6,7,2,4.5,6.14,3.21,3.18,5.18,3.33,3.33,2.22,9.04,3.99,3,0.87,3.79,8.96,9.15,9,5,8.03,8.94,8.86,6.28,8.03,5.21,3.63,4.42,9.53,5.86,1.54,9.62,5.68,6.91,8,8.42,10,8.81,8.9,3.94,6.06,10,4.82,1,5.79,2.69,7.78,9.63,3.21,9.72,7.32,6.72,7.11,6.4,6.65,93,3,12985,6.15
COD,"Congo, Democratic Republic of",,,,2.74,4.66,0,10,2.5,8.42,9.37,6.06,10,10,5,5,5,8.33,6.35,0,5,0,1.67,,8.47,7.54,8.01,,,3.75,,,,,8.71,9.87,2,2.5,,,,5.77,,0,0,0,10,10,10,5,5,4.83,6.85,8.85,2,5,3,4,5.42,2,3.27,4.57,2.5,1.67,0.97,5.39,4.44,5.32,0.59,2.65,9.3,7.81,9.87,5,7.99,7.79,7.82,7.65,7.75,3.21,0,1.61,10,6.21,0.77,0.33,2.44,5.45,0,10,9,6.33,5,3.93,5.92,6,10,3,5.64,4.37,0,9.32,2.79,8.92,6.12,5.25,5.74,5.45,5.14,152,4,750,2.2
COG,"Congo, Republic of",,,,3.55,5.97,0,10,5,10,10,7,10,10,10,5,7.5,9.17,7.38,10,5,5,6.67,10,8.89,8.52,9.14,10,2.5,8.75,10,10,9.58,7.36,10,10,4.33,3.75,7.5,5,7.5,6.87,,10,5,7.5,10,10,10,10,9.17,6.65,5.58,10,0,4,2,3,4.64,,3.7,,5,3.33,3.01,4.92,,,0.71,3.41,9.89,4.11,8.98,0,5.74,9.35,6.38,6.16,7.3,,0,0,10,,1.54,1.55,1.54,4.71,0,9.16,9,6.05,1.1,,,4,7.53,10,5.66,,0.67,7.45,,8.23,3.25,4.9,5.54,4.81,5.73,137,4,5543,2.9
CRI,Costa Rica,8.35,6.16,5.54,6.68,5.29,10,10,10,10,10,10,10,10,10,10,10,10,8.43,10,10,10,10,10,9.56,6.76,8.77,10,10,8.75,10,7.5,8.75,9.58,10,10,8.67,8.25,10,10,10,9.56,0,5,10,7.5,10,10,10,10,6.88,8.26,5.39,8.53,10,9,4,6.5,7.61,6.96,4.3,6.01,10,5,3.52,8.52,5.79,5.37,0.87,5.77,9.41,9.79,9.84,10,9.76,8.89,8.88,6.24,8,4.67,7.47,6.07,10,6.71,7.69,9.29,7.9,7.99,5,6.13,9,6.71,2.23,5.37,6.59,8,5.66,10,6.31,2.61,4.89,9.18,4.39,8.99,8.31,6.4,6.47,7.52,7.89,38,1,14914,7.52
CIV,Cote d'Ivoire,2.09,5.08,3.67,3.62,5.26,5,10,5,9.79,9.91,7.94,6.4,7.5,5,5,5,6.3,6.5,0,10,10,6.67,10,9.39,8.61,9.33,10,7.5,10,10,10,10,9.17,10,10,5.33,5.25,10,7.5,10,8.3,,10,10,10,10,10,10,10,10,6.88,6.28,9.93,4,3,1,2,5.55,4.29,4.84,5.4,3.33,4.17,3.97,6.93,5.08,4.63,0.92,4.56,8.91,9.35,9.75,0,7,3.97,7.56,7.02,6.19,4.03,1.83,2.93,10,6.45,0.77,2.43,3.22,5.58,8,8.08,10,8.69,4.43,4.7,6.46,8,7.57,3,5.69,5.07,3.33,9.57,3.98,5.26,6.97,5.7,6.69,5.88,6.38,117,3,3251,3.18
HRV,Croatia,6.88,5.26,5.38,5.84,9.65,10,10,10,10,10,10,10,10,10,10,10,10,9.88,10,10,10,10,5,9.4,8.11,7.5,10,10,10,7.5,7.5,8.33,9.44,10,10,7,5.5,10,10,7.5,8.57,10,10,10,10,10,10,10,10,10,8.48,4.44,4.46,8,4,0,2,4.72,3.54,2.14,4.68,8.33,7.5,5.14,7.18,6.45,7.63,0.95,5.69,7.63,9.59,9.91,10,9.28,9.91,8.98,7,8.63,6.7,9.96,8.33,10,5,4.62,7.63,5.75,8.18,10,8.22,10,9.41,5.57,2.81,4.9,6,7.51,10,6.13,1.71,5.56,9.62,3.79,8.83,7.69,6.2,7.25,7.02,7.75,43,2,20636,6.61
CYP,Cyprus,,,,6.86,9.48,10,10,7.5,10,10,9.5,10,10,10,10,10,10,9.66,10,10,10,10,7.5,8.67,6.29,7.49,10,10,8.75,7.5,7.5,7.92,9.31,10,10,8.33,7.5,10,7.5,10,9.05,7,10,10,10,10,10,10,10,9.25,8.64,6.34,6.02,10,7,6,6.5,7.21,6.1,3.78,5.44,8.33,8.33,4,6.41,5.76,7.21,0.9,5.84,9.75,9.42,9.58,10,9.69,9.1,8.98,7,8.36,6.18,9.31,7.75,10,5.65,6.92,7.74,6.77,8.22,10,8.37,10,9.46,5.57,4.49,6.02,10,10,10,7.68,4.95,8.44,9.68,4.24,5,8.58,6.81,7.98,7.79,8.21,25,1,30383,7.13
CZE,Czech Republic,8.32,7.27,7.35,7.65,9.7,10,10,10,10,10,10,10,10,10,10,10,10,9.9,10,10,10,10,7.5,8.8,8.52,8.27,10,7.5,8.75,10,10,9.58,9.03,10,10,8.67,8,10,7.5,10,9.17,7,10,10,10,10,10,10,10,9.25,8.96,3.13,3.15,8,9,4,6.5,5.19,5.71,3.47,5.86,10,8.33,3.85,8.16,5.91,7.11,0.92,6.24,8.85,9.52,9.93,10,9.58,9.1,8.98,7,8.36,6.61,9.96,8.29,10,7.74,3.08,7.74,6.19,8.21,10,9.31,10,9.77,10,4.19,6.77,10,7.76,10,8.12,3.01,7.33,9.65,4.29,6.89,7.38,6.43,8.11,7.46,8.21,25,1,30381,7.57
DNK,Denmark,9.57,8.42,8.17,8.72,9.6,10,10,10,9.88,9.82,9.94,10,10,10,10,10,10,9.85,10,10,10,10,10,7.85,5.37,7.74,10,10,10,10,7.5,9.17,9.72,10,10,9.33,8.5,10,10,10,9.69,10,10,10,10,10,10,10,10,10,9.36,1.4,4.39,8,3,2,2.5,4.07,8.62,6.1,7.96,10,10,6.19,9.73,8.29,7.35,1,8.25,8.79,9.74,9.91,10,9.61,9.1,8.98,7,8.36,5.94,9.96,7.95,10,7.38,6.92,7.74,7.35,8.42,10,9.26,10,9.75,10,7.42,8.31,8,10,3,7.79,3.84,7.56,9.86,7.82,9.87,8.54,7.91,8.49,7.77,8.56,8,1,45484,9.04
DOM,Dominican Republic,5.52,4.56,3.39,4.49,3.04,10,10,7.5,10,10,9.5,10,10,10,10,10,10,7.51,5,5,10,6.67,7.5,10,6.85,8.12,7.5,7.5,8.75,7.5,5,7.08,7.36,10,10,7.33,4.75,10,5,10,8.15,0,10,10,10,10,10,10,10,7.5,6.78,7.81,9.26,6,9,7,8,7.77,2.5,2.86,5.04,5,3.33,4.17,8,2.26,3.46,1,4.07,9.19,9.01,9.83,10,9.51,8.89,8.54,8.42,8.62,5.64,8.87,7.25,10,6.73,3.85,10,6.86,8.18,5,10,9,8,5.57,3.84,5.97,8,2.78,10,6.03,3.03,4.44,9.24,2.54,7.92,6.45,5.6,6.54,7.21,7,70,2,13372,6.43
ECU,Ecuador,4.64,4.38,3.6,4.21,6.71,10,10,5,10,10,9,10,10,10,10,10,10,8.57,10,10,10,10,7.5,9.56,8.19,8.42,7.5,10,5,5,2.5,4.17,7.22,10,10,2.33,3.25,10,5,10,7.23,10,10,10,10,10,10,10,10,10,7.48,6.21,9.59,0,7,4,5.5,5.33,1.53,2.48,4.38,2.5,4.17,4.38,8.59,4.86,4.55,0.87,3.89,9.36,8.83,9.21,5,8.1,6.53,7.62,4.76,6.31,3.19,5.24,4.21,10,3.75,3.08,10,5.61,6.53,8,7.51,10,8.5,4.43,2.29,4.55,6,0.65,3,3.49,2.03,3.11,8.23,3.23,9.06,2.56,4.7,5.56,5.88,6.68,89,3,10777,5.57
EGY,Egypt,2.43,3.82,4.27,3.51,8.63,0,7.27,2.5,7.12,7.81,4.94,0.9,7.5,0,0,0,2.8,5.46,5,0,0,1.67,5,6.17,3.66,4.94,5,2.5,6.25,2.5,2.5,3.75,3.75,10,7.49,1.67,1.25,7.5,5,7.5,5.77,,0,0,0,0,0,0,0,0,3.86,8.07,6.34,2,9,5,7,5.85,5.91,4.04,4.9,1.67,5,3.41,8.7,3.89,3.2,0.54,3.48,7.69,9.5,7.93,10,8.78,8.28,6.64,0,4.97,5.03,2.02,3.53,9.18,4.29,4.62,5.2,4.7,5.6,2,0,10,4,10,4.76,6.45,8,0.65,0,4.98,4.18,2.22,9.71,5.16,8.55,5.61,5.91,4.96,5.73,4.79,155,4,10096,3.24
SLV,El Salvador,5.39,4.77,3.36,4.51,0,10,10,7.5,10,10,9.5,10,10,10,10,10,10,6.5,10,10,10,10,10,9.44,8.19,9.21,7.5,7.5,8.75,7.5,7.5,7.92,7.64,10,10,7,5.75,10,7.5,10,8.61,0,10,10,10,10,10,10,10,7.5,7.05,8.34,9.29,8,8,8,8,8.41,3.74,2.73,4.68,4.17,2.5,3.83,8.17,2.12,1.33,1,3.7,9.41,9.07,9.85,10,9.58,9.12,8.8,6.64,8.19,4.82,8.19,6.5,10,5.39,4.62,7.85,5.95,7.66,8,6.97,10,8.32,5.57,4.23,6.2,6,2.6,3,4.6,2.81,4.22,9.07,3.08,9.1,7.22,5.92,6.28,7.13,7.09,67,2,7845,6.17
EST,Estonia,8,7.7,7.02,7.58,8.72,10,10,10,10,10,10,10,10,10,10,10,10,9.57,10,10,10,10,10,9.56,8.1,9.22,10,7.5,10,10,10,10,9.17,10,10,8.33,9,10,10,10,9.62,7,10,10,10,10,10,10,10,9.25,9.01,3.56,6.59,7,10,4,7,6.04,7.86,5.72,7.57,8.33,6.67,5.93,9.5,8.45,7.56,1,7.51,8.51,9.54,9.91,10,9.49,9.1,8.98,8.63,8.9,6.58,9.92,8.25,10,7.86,5.38,7.74,7,8.54,10,10,10,10,6.67,6.11,8.63,4,9.25,3,6.28,5.14,9.56,9.82,6.93,9.26,9.06,8.29,8.19,7.95,8.48,13,1,27329,7.61
ETH,Ethiopia,2.11,3.73,3.28,3.04,6.96,5,9.83,5,9.84,9.91,7.92,2.6,10,5,5,5,5.87,6.91,5,5,10,6.67,7.5,9.31,7.31,8.04,0,0,5,2.5,2.5,3.33,1.11,10,8.99,0.67,1,10,2.5,2.5,5.09,,10,10,10,0,0,0,10,6.67,5.25,8.38,9.11,4,7,3,5,6.62,4.75,4.72,5.05,1.67,7.5,5.55,7.01,4.8,5.16,0.79,4.61,8.79,4.91,7.97,0,5.42,3.84,6.52,5.34,5.23,4.33,1.76,3.05,10,4.6,0,0.22,1.61,4.97,2,9.08,5,5.36,6.67,4.29,5.41,10,7.04,10,7.23,4.34,1.33,7.75,4.53,8.77,6.57,5.55,6.05,5.53,5.39,146,4,1533,3.83
FJI,Fiji,,,,4.54,8.79,10,10,,10,10,10,10,7.5,5,5,5,7.5,8.76,10,5,10,8.33,,9.5,8.61,9.06,,,,,,,,10,10,4.67,5,,,,7.42,,10,10,10,10,10,10,10,10,7.68,5.35,9.46,2,5,5,5,5.45,,4.8,,7.9,,5.11,7.71,,,0.92,6.12,6.99,8.65,9.73,0,6.34,7.21,7.7,0.57,5.16,,6.42,6.42,10,,0,10,5,6.65,10,8.91,10,9.64,7.77,,,10,8.27,10,9.01,,6.89,8.53,,8.62,7.23,7.82,8.82,6.68,7.18,62,2,8756,5.65
FIN,Finland,9.54,8,8.48,8.67,9.36,10,10,10,10,9.96,9.99,10,10,10,10,10,10,9.78,10,10,10,10,10,9.22,7.64,8.95,10,10,10,10,10,10,10,10,10,8.67,9.25,10,10,10,9.7,7,10,10,10,10,10,10,10,9.25,9.4,2.76,3.67,8,3,2,2.5,4.23,9.57,7.92,9.12,10,10,6.65,8.08,9.65,8.94,1,8.88,8.74,9.72,9.96,10,9.6,9.82,8.98,7,8.6,7.34,9.12,8.23,10,7.56,3.08,7.74,6.13,8.24,10,8.23,10,9.41,3.9,4.23,3.67,8,10,3,5.47,5.85,7.78,9.52,8.63,9.86,8.96,8.43,7.77,7.75,8.58,6,1,38994,8.87
FRA,France,7.17,7.11,6.46,6.91,9.37,10,10,10,9.19,9.52,9.74,10,10,10,10,10,10,9.7,10,10,10,10,10,7.68,6.71,8.13,10,10,10,10,10,10,10,0,10,8,6.25,10,10,10,7.75,10,10,10,10,10,10,10,10,10,8.74,2.86,2.43,8,5,2,3.5,4.2,7.12,6.15,7.42,9.17,8.33,6.43,6.39,7.93,6.33,0.95,7.07,9.25,9.83,9.99,10,9.77,9.82,8.98,7,8.6,5.41,9.96,7.69,10,6.99,5.38,7.74,6.71,8.25,10,8.29,10,9.43,2.23,2.69,4.81,4,8.5,10,5.37,2.93,8.67,9.88,6.24,7.93,8.44,7.35,7.38,7.33,8.04,33,1,37766,7.69
GAB,Gabon,,,,4.37,6.4,10,10,5,10,10,9,10,7.5,10,5,7.5,8.33,7.91,0,0,0,0,7.5,9.44,8.71,8.55,5,2.5,7.5,2.5,2.5,4.17,3.89,10,10,2,4.5,7.5,7.5,2.5,6.29,,0,0,0,10,10,10,0,3.33,5.28,3.45,9.81,8,5,2,3.5,6.19,3.43,3.64,5.15,3.33,5,2.92,4.6,4.9,5.93,0.8,3.9,9.58,6.21,9.87,0,6.41,,6.46,6.11,6.28,3.83,3.57,3.7,10,6.6,1.54,0.22,2.79,5.69,5,9.33,9,7.78,8.33,3.99,5.43,8,8.5,10,7.38,3.95,1.78,8.21,3.69,5.55,4.53,4.62,6.59,5.76,5.52,143,4,16837,3.66
GMB,"Gambia, The",,,,4.17,6.37,5,10,5,10,10,8,2.4,10,0,0,0,4.13,6.17,10,5,5,6.67,,9.01,8.01,8.51,,,,,,,,10,0,0.33,1,,,,2.83,,10,10,10,0,0,0,5,5,5.46,8.83,9.58,4,8,8,8,7.6,4.18,4.85,5.36,3.33,5.83,5.09,6.25,6.55,7.12,0.95,5.26,8.89,9.22,8.67,10,9.19,5.24,7.18,7.01,6.48,5.5,4.52,5.01,10,6.4,7.69,10,8.03,7.38,10,0,9,6.33,10,4.92,7.08,6,10,10,8,5.59,2.22,7.88,4.92,8.57,6.35,5.92,6.75,7.24,6.35,119,3,1588,3.12
GEO,Georgia,6.12,6.12,5.62,5.95,8.93,10,10,5,10,10,9,10,7.5,5,5,5,7.5,8.48,5,10,10,8.33,10,8.42,6.99,8.47,10,7.5,6.25,7.5,7.5,7.08,8.19,10,10,5.67,5,10,7.5,10,8.31,7,5,5,5,10,10,10,10,8,7.74,6.23,6.93,8,10,10,10,7.79,5.05,4.74,6.29,5.3,,6.5,9.98,7.19,7.49,1,6.57,8.31,8.46,9.2,10,8.99,9.87,9.7,8.36,9.31,6.65,9.4,8.03,10,6.3,6.15,9.51,7.32,8.66,10,9.47,10,9.82,6.67,5.92,8.03,8,9.25,1,6.48,6.34,8,9.88,5.93,10,6.97,7.85,8.05,8.01,7.87,40,1,9025,5.88
DEU,Germany,8.58,8.6,7.73,8.3,9.66,10,10,10,9.98,9.88,9.97,10,10,10,10,10,10,9.88,10,10,10,10,10,7.64,6.67,8.1,10,10,10,10,10,10,10,10,10,8,7.5,10,10,10,9.36,7,10,10,10,10,10,10,10,9.25,9.22,4.03,3.14,10,5,5,5,5.54,7.63,6.8,8.02,10,8.33,5.83,6.81,7.24,6.34,1,7.45,8.85,9.8,9.95,10,9.65,9.1,8.98,7,8.36,5.94,9.18,7.56,10,6.48,3.08,7.74,5.77,7.92,5,10,10,8.33,8.9,5.17,5.86,8,6.26,10,7.36,5.46,9.56,9.54,6.67,9.35,7.56,8.02,7.91,7.69,8.45,16,1,43784,8.52
GHA,Ghana,5.12,6.11,4.71,5.32,9.32,10,10,7.5,10,10,9.5,9.6,10,5,5,5,8.2,9.01,10,10,10,10,7.5,8.96,7.51,7.99,7.5,7.5,7.5,7.5,7.5,7.5,7.5,6.35,10,7.33,7,7.5,7.5,10,7.96,,10,5,7.5,0,10,5,10,7.5,7.67,5.23,9.64,6,9,5,7,6.97,5.99,5.04,5.45,5,4.17,3.72,8.74,6.14,5.34,0.98,5.44,6.79,9.1,6.57,5,6.87,7.29,7.42,7.16,7.29,5.8,3.25,4.52,10,6.35,3.85,2.54,4.25,6.51,8,6.77,,7.39,10,5.61,6.95,8,0,10,6.76,4.19,6,9.34,3.27,8.14,7.49,6.4,6.85,6.53,7.1,65,2,3930,6.74
GRC,Greece,7.07,5.72,5.06,5.95,9.66,10,10,5,9.97,9.96,8.99,10,10,5,5,5,8.33,8.99,10,10,10,10,7.5,8.33,5.78,7.21,10,10,10,10,10,10,10,10,10,5,5,10,10,10,8.57,10,5,5,5,10,10,10,5,7.5,8.06,5.19,4,2,3,2,2.5,3.42,4.88,2.97,5.1,8.33,7.5,4.13,8.04,6.21,6.66,1,5.98,9.3,9.43,9.65,5,8.35,9.1,8.98,7,8.36,5.91,9.42,7.67,10,5.03,0.77,7.74,4.51,7.64,8,5.72,10,7.91,5.57,3.99,5.02,6,5.51,3,4.85,2.33,6,9.56,4,8.89,7.84,6.44,6.4,6.36,7.21,60,2,24095,6.97
GTM,Guatemala,5.56,3.32,2.89,3.92,0,10,10,5,10,10,9,10,10,10,10,10,10,6.33,10,10,10,10,10,9.44,7.64,9.03,7.5,7.5,7.5,10,2.5,6.67,7.22,3.88,10,4,4.25,10,7.5,10,7.09,0,5,5,5,10,10,10,10,6.25,6.52,8.57,9.88,10,10,9,9.5,9.49,3.89,3.4,5.54,6.67,5,3.39,8.33,2.89,2.3,0.95,4.48,9.42,9.57,9.52,10,9.63,9.41,8.88,7.51,8.6,6.05,6.62,6.34,10,6.65,8.46,8.74,7.95,8.22,10,8.76,10,9.59,3.33,5.22,7.27,4,1.27,3,4.02,4.05,6,9.07,3.25,8.33,7.13,6.3,6.64,7.69,7.11,64,2,7293,5.57
GIN,Guinea,,,,3.35,6.62,10,10,7.5,9.97,9.94,9.48,0.4,7.5,10,5,7.5,5.13,7.08,0,5,5,3.33,10,8.67,7.36,8.68,7.5,7.5,8.75,10,10,9.58,8.19,10,10,3.67,2.75,7.5,5,7.5,6.63,,0,0,0,0,0,0,5,1.67,5.46,9.19,,6,5,3,4,6.4,1.72,2.25,2.71,0.83,4.17,5.39,6.37,3.39,4.35,0.72,2.98,9.98,7.77,8.53,5,7.82,,7.62,7.19,7.41,5.05,1.73,3.39,6.58,4.14,0.83,2.32,2.43,4.95,,10,,10,3.33,4.04,7.24,6,8.13,0,4.79,4.17,2.22,8.88,1.77,8.09,5.07,5.03,6.61,5.75,5.6,140,4,1184,3.19
GNB,GuineaBissau,,,,3.14,6.33,10,10,5,10,10,9,5,10,5,,5,6.67,7.33,10,10,10,10,,9.82,8.24,9.03,,,,,,,,10,10,4,4,,,,7,,5,5,5,10,10,10,10,8.33,6.91,8.35,,0,10,7,8.5,5.62,,3.3,,3.33,4.17,3.48,7.23,,,0.79,3.86,8.07,7.81,9.72,0,6.4,,7.62,7.29,7.45,,5.62,5.62,10,,0.77,1.55,1.16,6.06,10,5.51,10,8.5,3.33,,,8,2.52,0,3.46,,3.11,8.37,,9,7.67,7.04,6.33,5.65,6.28,121,4,1424,1.9
GUY,Guyana,4.51,4.82,3.49,4.27,2.23,10,10,7.5,10,10,9.5,,,,,,,5.87,10,10,,10,,9.67,9.03,9.35,,,,,,,,10,10,6.33,6.5,,,,8.21,,,,,0,10,5,,5,6.6,6.62,,7,8,4,6,6.54,3.86,4.12,4.53,6.67,2.5,4.55,7.07,2.99,4.38,0.92,4.35,9.86,8.37,9.65,5,8.22,,7.82,5.12,6.47,6.23,1.45,3.84,10,5.66,5.83,4.54,5.34,6.41,10,0,9,6.33,8.9,5.86,6.86,10,5.68,10,7.88,3.99,4.44,9.31,3.12,7.85,7.13,5.97,6.73,6.45,6.53,104,3,7063,5.81
HTI,Haiti,,,,3.36,5.94,10,10,5,10,10,9,10,10,5,5,5,8.33,7.76,10,10,10,10,10,9.33,8.19,9.18,10,10,10,10,10,10,10,10,10,4.67,5.5,7.5,5,10,7.52,0,5,10,7.5,10,10,10,10,6.88,7.14,8.61,9.92,4,8,,8,7.63,2.75,2.44,2.61,0,2.5,3.88,2.7,3.36,3.27,0.9,2.48,8.44,9.41,8.2,5,7.76,,9.04,7.68,8.36,5.01,7.26,6.14,10,3.75,6.15,10,6.63,7.78,,7.48,9,8.24,6.67,5.06,6.88,10,10,10,8.1,3.48,0,4.54,2.67,9.59,7.94,4.7,7.01,6.53,6.83,78,3,1651,3.23
HND,Honduras,3.03,4.25,2.51,3.26,0,10,10,7.5,10,10,9.5,10,10,5,5,5,8.33,5.94,10,10,5,8.33,10,9,7.08,8.69,7.5,7.5,6.25,7.5,10,7.92,7.64,10,10,4,1.5,10,7.5,10,7.57,0,10,10,10,10,10,10,10,7.5,6.28,7.09,10,10,8,8,8,8.77,3.9,4.51,5.24,4.17,2.5,2.86,7.71,3.65,2.82,0.92,3.99,9.23,8.83,9.37,10,9.36,9.51,8.86,6.85,8.41,6.17,4.54,5.36,10,6.8,2.31,8.63,5.91,7.42,10,9.25,9,9.42,0,4.34,6.24,8,2.52,10,5.18,3.72,3.78,9.15,3.89,9.46,7.49,6.25,6.95,7.3,6.79,81,3,4311,5.68
HKG,Hong Kong,7.64,7.72,8.02,7.79,9.88,,10,,10,10,10,10,7.5,5,10,7.5,8.33,9.4,,,10,10,10,9.28,8.52,9.26,7.5,7.5,8.75,7.5,7.5,7.92,7.64,10,10,5.67,5.75,10,10,10,8.77,7,10,10,10,10,10,10,10,9.25,8.79,8.03,9.17,7,10,10,10,8.55,8.86,7.96,8.68,8.33,8.33,6.46,6.95,8.69,8.47,1,8.08,8.97,9.66,9.4,10,9.51,9.99,10,10,10,7.51,9.27,8.39,10,8.64,6.92,10,8.52,9.23,10,10,10,10,10,7.89,10.04,10,9.5,10,9.57,7.05,10,9.95,7.46,9.74,9.17,8.89,9.49,8.97,8.88,2,1,53490,5.78
HUN,Hungary,6.94,5.24,5.41,5.86,9.41,10,10,7.5,10,10,9.5,10,10,,,,10,9.64,10,10,10,10,7.5,8.4,8.24,8.05,10,7.5,8.75,10,10,9.58,9.03,10,10,6,6.25,10,7.5,10,8.54,0,10,10,10,10,10,10,10,7.5,8.19,3.27,5.43,6,10,3,6.5,5.3,3.57,3.06,3.12,10,6.67,6.58,8.03,5.54,7.79,1,6.04,8.26,9.72,9.99,10,9.49,9.1,8.98,7,8.36,4.68,9.96,7.32,10,6.28,3.85,7.74,5.96,7.91,10,9.18,10,9.73,7.23,5.6,7.08,6,7.76,10,7.28,2.74,7.33,9.55,3.43,7.62,6.9,6.26,7.76,7.3,7.74,44,2,24831,6.64
ISL,Iceland,,,,7.93,9.64,10,10,10,10,10,10,10,10,10,10,10,10,9.88,10,10,10,10,10,9.22,5.09,8.1,10,10,10,10,10,10,10,10,10,8.67,8.75,5,5,10,8.2,7,10,10,10,10,10,10,10,9.25,9.01,2.4,7.77,7,4,3,3.5,5.17,7.85,7.04,8.05,10,10,6.78,8.75,9.01,8.58,1,8.45,9.61,9.4,9.67,0,7.17,9.8,8.96,3.03,7.26,5.45,8.77,7.11,10,4.15,0.77,7.74,4.22,7.15,5,10,10,8.33,5.57,7.6,8.03,8,10,10,8.2,5.53,7.78,9.84,7.24,9.55,8.43,8.06,8.2,7.23,8.12,31,1,42674,9.55
IND,India,4.19,4.27,4.14,4.2,8.72,0,9.88,5,9.9,9.9,6.94,10,5,5,5,5,6.67,7.44,5,5,10,6.67,10,6.18,6.48,7.55,7.5,7.5,10,10,5,8.33,7.78,9.92,9.97,6.33,4.75,7.5,5,7.5,7.28,10,5,5,5,0,10,5,5,6.25,6.46,7.32,8.98,7,8,8,8,7.82,5.51,5.86,4.9,6.67,7.5,2.59,6.58,6.23,5.6,0.78,5.1,9.78,8.8,8.83,5,8.1,7.93,7.32,3.51,6.26,5.98,1.85,3.92,10,5.86,0,0.33,2.06,5.56,2,7.76,10,6.59,6.67,6.26,7.15,4,6.3,10,6.73,5.15,3.33,9.02,5.46,7.77,7.3,6.34,6.55,6.63,6.55,102,3,5754,7.39
IDN,Indonesia,4.16,4.31,3.81,4.09,9.8,10,10,7.5,9.98,9.99,9.49,10,7.5,5,5,5,7.5,8.93,10,5,5,6.67,7.5,6.34,4.07,5.97,10,10,8.75,5,2.5,5.42,8.47,10,10,4.67,5.5,10,7.5,5,7.52,7,5,5,5,5,5,5,5,5.5,6.67,7.47,8.84,7,8,7,7.5,7.7,5.12,4.89,5.59,4.17,4.17,1.91,5.93,5.53,4.89,0.93,4.52,9.4,9.32,8.73,10,9.36,9.43,8.62,6.16,8.07,5.26,4.07,4.67,10,5.82,1.54,8.3,5.22,6.99,5,9.22,10,8.07,1.1,5.68,6.69,10,0,5,4.75,4.8,4.89,9,4.51,7.64,7.52,6.4,6.4,7,6.83,78,2,10368,6.95
IRN,Iran,3.08,5.5,4.27,4.28,8.35,0,10,2.5,9.84,9.97,6.46,10,7.5,0,0,0,5.83,6.88,0,0,0,0,5,7.01,3.38,5.13,2.5,5,2.5,5,2.5,3.33,3.61,10,7.6,0,1,7.5,5,5,5.16,,0,0,0,0,0,0,5,1.67,4.35,6.16,7.99,0,10,4,7,5.29,4.19,3.74,4.76,7.5,6.67,5.63,7.9,5.5,5.63,0.59,4.54,6.3,4.77,7.26,10,7.08,7.52,4.68,0,4.07,5.3,0,2.65,10,2.97,0.83,0.44,1.42,4.53,0,9.03,5,4.68,8.9,4.41,5.33,8,2.52,1,5.03,3.53,0.89,9.49,4.14,9.3,6.14,5.58,5.09,5.31,4.83,154,4,16010,2.33
IRL,Ireland,,,,8.11,9.74,10,10,7.5,10,10,9.5,10,10,10,10,10,10,9.75,10,10,10,10,10,8.33,7.82,8.72,10,10,10,7.5,5,7.5,9.17,10,10,8.33,8.5,10,7.5,10,9.19,10,10,10,10,10,10,10,10,10,9.17,3.86,5.64,10,6,3,4.5,6,8.99,6.33,8.65,10,10,3.93,8.58,8.51,6.99,1,8,8.97,9.23,9.94,10,9.53,9.1,8.98,7,8.36,7.39,9.08,8.23,10,8.83,7.69,8.85,8.46,8.76,8,9.43,10,9.14,8.9,6.26,8.01,10,6.37,10,8.26,6.09,10,9.84,7.99,8.47,9.08,8.58,8.66,8.19,8.68,4,1,60944,8.56
ISR,Israel,,,,7.11,9.46,10,10,5,9.2,7.18,8.28,10,10,10,10,10,10,9.24,0,0,5,1.67,10,7.03,5.51,7.51,10,10,10,10,10,10,10,10,8.81,7.67,6.5,10,7.5,10,8.64,,10,10,10,10,10,10,10,10,7.87,3.24,6.96,10,5,5,5,6.3,8.52,5.72,7.3,4.17,8.33,3.46,5.74,6.8,6.6,0.95,6.13,8.54,9.56,9.87,10,9.49,9.72,9.1,5.91,8.24,5.94,7.33,6.63,10,6.72,6.15,9.85,7.57,8.11,10,8.71,10,9.57,8.9,5.86,7.56,8,2.52,0,5.47,4.48,8.44,9.58,5.82,7.51,7.37,7.2,7.41,7.49,7.68,46,2,31971,8.18
ITA,Italy,7.61,5.7,6.38,6.56,9.69,10,10,10,10,10,10,10,10,10,10,10,10,9.9,10,10,10,10,10,7.54,7.08,8.21,10,10,10,10,7.5,9.17,9.72,10,10,6,7.5,10,10,10,9.07,7,10,10,10,10,10,10,10,9.25,8.74,4.8,3.34,10,5,2,3.5,5.41,4.72,2.26,4.99,10,6.67,3.6,8.25,5.53,4.98,1,5.66,9.14,9.83,9.99,10,9.74,9.1,8.98,7,8.36,6.18,9.96,8.07,10,5.11,6.92,7.74,6.59,8.26,10,8.61,10,9.54,5.57,3.03,3.69,8,10,10,6.72,1.6,7.11,9.65,3.76,7.2,7.31,6.11,7.45,7.3,8.02,35,1,34245,7.84
JAM,Jamaica,5.58,5.45,4.54,5.19,0,10,10,7.5,10,10,9.5,10,10,10,10,10,10,6.5,10,10,5,8.33,7.5,9.62,8.84,8.66,10,10,7.5,10,7.5,8.33,9.44,10,10,9,8,10,10,10,9.57,0,10,10,10,0,10,5,10,6.25,7.15,7.48,9.36,7,9,5,7,7.71,6.47,4.05,6.18,10,4.17,3.55,6.44,4.65,2.2,0.95,5.16,5.88,9.6,9.26,10,8.68,3.51,8.3,5.51,5.77,6.9,5.45,6.18,10,7.08,1.54,10,6.21,7.04,10,9.68,9,9.56,8.9,4.7,6.58,10,6.55,10,7.79,3.57,5.11,9.63,3.78,8.81,7,6.32,7.89,7.3,7.22,59,2,8105,6.96
JPN,Japan,7.7,8.21,6.84,7.58,9.88,10,10,10,10,10,10,10,7.5,10,10,10,9.17,9.68,10,10,10,10,7.5,8.94,9.82,8.75,10,10,7.5,7.5,5,6.67,8.89,10,10,8.33,6.25,10,10,10,9.23,7,10,10,10,10,10,10,10,9.25,8.93,4.17,3.66,8,3,3,3,4.71,8.47,6.57,8.62,8.33,8.33,6.33,7.85,8.55,7.19,0.95,7.6,9.38,9.3,9.84,10,9.63,9.63,9.2,4.3,7.71,5.3,8.82,7.06,10,7,0.77,7.08,4.95,7.43,8,7.93,9,8.31,8.9,3.71,6.4,8,10,10,7.84,4.34,9.33,9.56,7.59,7.71,8.04,7.76,7.97,7.47,8.2,27,1,37818,7.75
JOR,Jordan,5.02,6.26,5.88,5.72,9.2,10,10,7.5,9.69,9.71,9.38,10,7.5,0,0,0,5.83,8.14,10,5,5,6.67,5,7.76,4.31,5.69,5,7.5,1.25,5,2.5,2.92,5.14,10,10,2.67,4,7.5,7.5,5,6.67,,0,0,0,10,10,10,0,3.33,6.21,6.23,7.8,8,10,5,7.5,7.38,6.58,5.45,6.67,7.5,6.67,3.38,6.64,8.32,6.44,0.49,4.76,9.46,9.34,9.83,10,9.66,9.15,8,4,7.05,5.11,7.2,6.15,10,5.79,6.15,10,7.31,7.63,10,6.5,10,8.83,8.9,5.53,7.26,6,10,10,7.95,4.56,4.22,9.36,5.5,9.87,8.37,6.98,7.92,7.47,6.84,76,2,8491,3.95
KAZ,Kazakhstan,4.08,5.47,4.06,4.53,8.06,10,10,5,10,10,9,10,10,10,10,10,10,9.02,5,5,5,5,5,8.44,6.02,6.49,5,5,0,2.5,2.5,1.67,3.89,10,10,0.67,1.75,7.5,7.5,7.5,6.42,7,10,10,10,10,10,10,10,9.25,6.49,6.4,8.61,6,10,8,9,7.5,4.9,4.81,5.61,8.33,5.83,6.34,9.9,5.13,7.02,0.74,5.61,9.54,7.58,7.28,10,8.6,6.59,8.44,6.54,7.19,5.68,4.88,5.28,10,5.21,2.31,1.66,3.06,6.38,8,7.8,10,8.6,10,5.59,7.49,10,9.25,3,7.55,4.72,7.11,9.71,4.64,9.81,8,7.33,7.83,7.18,6.84,76,2,23522,2.87
KEN,Kenya,3.12,4.32,3.51,3.65,7.7,0,9.72,5,8,9.11,6.37,7.3,7.5,5,5,5,6.6,6.89,5,5,10,6.67,7.5,7.52,7.03,7.35,10,7.5,10,5,5,6.67,8.06,7.83,10,4.33,4,7.5,7.5,10,7.31,,5,5,5,0,10,5,10,6.67,6.24,7.22,9.96,6,8,8,8,7.79,5.07,4.77,5.6,6.67,3.33,4.42,6.84,4.77,2.94,0.92,4.75,8.79,8.93,8.68,10,9.1,7.75,7.42,5.2,6.79,5.29,5.22,5.26,10,5.87,3.85,3.76,4.49,6.63,10,4.12,10,8.04,6.67,5.11,7.02,8,9.63,10,7.74,4.81,3.33,9.07,3.14,8.3,7.81,6.08,7.29,7.11,6.68,89,3,2836,5.41
KOR,"Korea, Republic of",7.57,8.1,7.07,7.58,9.7,10,10,7.5,10,10,9.5,10,7.5,10,10,10,9.17,9.46,10,5,10,8.33,10,8.76,9.03,9.26,10,10,7.5,7.5,10,8.33,9.44,10,10,6.67,6.5,10,10,10,9.02,7,10,10,10,10,10,10,10,9.25,8.79,4.85,7.27,10,6,5,5.5,6.9,4.82,4.7,6.45,6.67,8.33,7.51,8.22,7.17,6.52,0.92,6.45,9.06,9.73,9.86,10,9.66,9.59,7.22,0,5.6,5.21,9.59,7.4,10,5.4,6.15,10,7.19,7.55,8,9.95,10,9.32,5.57,3.75,5.6,10,2.52,0,4.57,3.32,10,9.72,4.43,9.99,7.89,7.56,7.15,7.54,8.17,29,1,34178,7.83
KWT,Kuwait,,,,5.29,9.22,10,10,7.5,7.6,0,7.02,10,7.5,0,0,0,5.83,7.36,10,0,5,5,5,7.94,4.77,5.9,7.5,7.5,0,0,2.5,0.83,5.28,10,7.43,3.33,4.25,10,10,7.5,7.5,,0,0,0,0,10,5,0,1.67,5.7,0.64,7.94,7,10,10,10,6.4,6.22,5.47,5.73,8.33,6.67,5.07,8.91,6.78,7.23,0.49,4.99,8.81,2.17,9.35,10,7.58,9.62,9.06,7.89,8.86,5.26,2.77,4.01,10,3.24,3.08,6.2,4.17,6.76,10,10,10,10,10,4.8,6.63,4,4.39,10,6.64,3.15,1.33,7.97,4.14,7.39,8.9,5.48,7.37,6.62,6.16,125,4,69329,3.93
KGZ,Kyrgyz Republic,4.32,4.26,3.35,3.98,7.95,5,10,2.5,9.94,10,7.49,10,10,5,5,5,8.33,7.92,5,5,5,5,,7.38,5.97,6.68,,,,,,,,10,8.32,3.33,3.25,,,,6.23,7,10,10,10,10,10,10,5,8,6.21,6.89,8.82,6,10,7,8.5,7.55,3.82,3.44,4.22,4,,4.52,9.87,3.72,4.97,0.74,4.2,9.1,6.74,8.7,10,8.64,8.17,8.52,7.63,8.11,4.89,8.02,6.46,10,4.36,1.54,8.74,4.88,7.36,8,9.08,8,8.36,5,4.62,6.57,10,7.76,1,5.82,4.19,2.67,9.66,2.87,8.6,7.48,5.91,6.7,6.89,6.55,102,3,3238,5.42
LAO,Laos,,,,4.02,7.25,10,10,5,10,10,9,10,10,5,5,5,8.33,8.2,5,5,5,5,7.5,8.57,6.02,7.36,0,0,0,0,0,0,0,10,10,1.33,1.75,10,7.5,7.5,6.87,,10,10,10,10,10,10,10,10,5.98,6.76,9.77,,9,9,9,8.51,4.67,4.89,4.6,7.6,,5.21,8.67,5.72,6.49,1,5.98,6.1,8.53,9.74,5,7.35,8.57,8,6.6,7.72,5.57,1.61,3.59,10,5.27,1.67,10,5.65,6.74,,8.54,8,8.27,5.57,5.01,6.81,10,1.02,1,4.9,4.84,1.78,7.81,4.56,9.57,5.94,5.75,6.31,6.98,6.48,106,3,5434,2.47
LVA,Latvia,,,,6.5,8.36,10,10,10,10,10,10,10,10,10,10,10,10,9.45,10,10,10,10,10,9.12,7.08,8.74,10,10,10,10,10,10,10,10,10,7.67,7.5,10,10,10,9.31,7,10,10,10,10,10,10,10,9.25,8.72,5.05,6.88,8,9,4,6.5,6.61,4.96,3.22,5.69,8.33,8.33,5.53,9.03,5.31,7.19,1,6.4,8.75,9.17,9.96,10,9.47,9.1,8.98,7,8.36,6.37,9.42,7.9,10,6.72,6.92,7.74,7.13,8.35,8,9.26,10,9.09,5,4.64,7.24,10,7.76,10,7.44,3.84,9.33,9.81,4.32,8.52,8.11,7.32,7.95,7.75,8.23,24,1,23057,6.93
LBN,Lebanon,4.36,4.77,3.09,4.07,8.42,10,5.67,2.5,3.68,0,4.37,10,10,0,0,0,6.67,6.49,5,10,5,6.67,7.5,8.3,6.76,7.52,10,10,8.75,7.5,7.5,7.92,9.31,10,10,3.33,4.5,7.5,2.5,10,6.83,,5,5,5,0,10,5,0,3.33,6.01,6.71,7.53,10,10,8,9,8.31,3.4,3.36,5.49,3.33,6.67,3.16,7.42,4.18,4.82,0.74,4.05,9.86,9.16,9.25,10,9.57,9.45,8.88,5.59,7.97,5.38,3.12,4.25,10,5.22,1.54,9.29,5.35,6.89,,0,10,5,5.57,4.77,6.58,8,7.51,10,7.07,3.4,0.67,8.96,2.62,6.93,7.97,5.09,5.72,6.91,6.46,108,3,13087,4.68
LSO,Lesotho,,,,4.95,0,10,10,7.5,9.84,9.81,9.43,10,7.5,5,5,5,7.5,5.64,10,10,10,10,,9.78,8.15,8.96,,,,,,,,10,10,5.67,5,,,,7.67,0,5,10,7.5,10,10,10,5,5.63,6.68,3.26,8.89,0,8,8,8,5.04,5.89,4.29,5.36,6,,3.93,6.49,7.83,8.95,0.89,5.76,8.66,9.56,9.36,5,8.15,0,8.48,5.59,4.69,4.28,9.73,7,10,5.11,2.31,5.09,4.17,6.47,10,10,9,9.67,6.67,4.38,4.93,8,6.55,10,6.75,5.38,4.44,8.99,3.3,7.98,6.37,6.08,7.5,6.58,6.63,96,3,2777,6.48
LBR,Liberia,3.96,4.46,2.65,3.69,8.68,10,10,7.5,10,10,9.5,4.2,10,5,5,5,6.4,8.19,5,10,5,6.67,,9.18,8.79,8.99,,,5,,,,,10,10,4.67,4.75,,,,7.35,,10,5,7.5,0,0,0,5,4.17,6.37,8.17,8.17,,9,7,8,8.11,4.66,4.61,5.31,5,5.3,2.87,4.9,4.29,5.14,1,4.68,9.41,8.62,8.39,10,9.11,6.43,7.96,7.02,7.14,4.46,0,2.23,10,4.89,8.46,1.77,5.04,6.1,,0,9,4.5,10,4.68,5.43,8,3.09,10,6.87,4.86,2.44,9.68,4.64,9.7,8.44,6.63,6,6.8,6.58,100,3,785,4.8
LBY,Libya,,,,2.52,9,5,0,0,0,0,1,10,7.5,0,0,0,5.83,5.28,,,5,5,2.5,7.57,6.06,5.38,2.5,2.5,7.5,2.5,2.5,4.17,3.06,0,10,2.67,1.5,7.5,2.5,5,4.17,,0,5,2.5,0,0,0,0,0.83,3.79,0,,,10,9,9.5,4.75,3.4,2.33,3.28,5,6.67,3.62,,1.67,2.45,0.8,3.21,7.47,3.01,7.3,10,6.95,,,,,5.51,4.26,4.88,7.37,5.01,0.77,0.33,2.04,4.76,0,10,10,6.67,6.1,2.65,5.39,6,4.39,10,5.76,,0,8.41,3.13,,0.03,2.89,5.11,4.95,4.37,157,4,11193,2.08
LTU,Lithuania,,,,6.81,7.61,10,10,10,10,10,10,10,10,10,10,10,10,9.2,10,10,10,10,7.5,8.96,7.59,8.01,10,10,10,10,10,10,10,10,10,8,8.25,10,10,10,9.46,10,10,10,10,10,10,10,10,10,8.75,5.36,6.4,10,10,4,7,7.19,5.23,3.96,5.62,8.33,6.67,6.24,9.67,6.2,6.88,1,6.53,8.7,9.12,9.82,10,9.41,9.1,8.98,7,8.36,5.46,9.72,7.59,10,5.85,6.92,7.74,6.84,8.2,10,9.58,10,9.86,8.33,3.71,6.31,10,6.26,10,7.44,3.63,9.78,9.75,4.99,9.24,8.08,7.58,8.29,7.92,8.34,18,1,26971,7
LUX,Luxembourg,,,,8.23,9.71,10,10,,10,10,10,10,10,10,10,10,10,9.9,10,10,10,10,10,9.85,7.13,8.99,10,10,,10,10,10,10,10,10,9,9,10,10,10,9.71,7,10,10,10,10,10,10,10,9.25,9.33,1.14,4.03,7,5,4,4.5,4.17,8.64,7.36,8.87,10,10,7.46,6.18,8.74,7.96,1,8.36,8.55,9.37,9.91,10,9.46,9.1,8.98,7,8.36,6.46,9.96,8.21,10,8.35,3.85,7.74,6.65,8.3,8,10,10,9.33,2.23,4.83,6.46,6,8.5,10,6.34,5.89,7.11,9.39,7.92,8.36,9.38,8.01,7.89,7.63,8.48,13,1,95311,8.68
MKD,Macedonia,4.65,5.58,5.14,5.12,9.36,10,10,5,10,9.81,8.96,10,7.5,5,5,5,7.5,8.61,10,0,10,6.67,10,8.51,7.22,8.58,7.5,7.5,,5,10,7.5,7.5,10,10,3.67,4,10,10,7.5,7.88,0,10,10,10,10,10,10,10,7.5,7.25,5.94,4.55,6,10,7,8.5,6.25,3.46,3.74,5.12,5.8,,3.94,8.38,6.63,5.7,0.9,5.07,9,9.32,9.94,5,8.31,9.54,8.62,6.49,8.22,5.78,9.6,7.69,10,6.08,3.08,8.52,5.89,7.95,10,8.77,10,9.59,7.23,5.27,6.16,8,7.76,10,7.4,4.46,9.33,9.93,5.05,9.46,8.67,7.82,8.27,7.17,7.21,60,2,12760,5.62
MDG,Madagascar,3.08,4.12,3.98,3.73,9.75,10,10,7.5,10,10,9.5,10,10,5,5,5,8.33,9.2,10,10,10,10,7.5,9.84,8.06,8.47,7.5,2.5,10,5,5,6.67,5.56,10,10,3.67,4.25,10,5,10,7.56,,10,5,7.5,10,10,10,5,7.5,7.14,9.36,9.35,8,10,7,8.5,8.8,2.57,2.7,3.63,1.67,4.17,2.96,5.09,3.19,4.4,0.71,2.88,9.13,9.55,8.52,5,8.05,5.65,7.66,7.24,6.85,3.52,5.07,4.29,10,5.11,0.77,10,5.29,6.61,10,7.52,5,7.51,0,4.55,6.1,8,7.12,1,4.46,3.6,2.44,9.22,2.69,7.85,7.95,5.63,5.86,6.44,6.79,81,3,1376,4.89
MWI,Malawi,4.92,5.43,4.44,4.93,9.29,10,10,7.5,10,10,9.5,10,7.5,5,5,5,7.5,8.76,10,10,5,8.33,,9.39,7.83,8.61,,,,,,,,10,10,5,6.25,,,,7.81,10,10,10,10,0,0,0,10,7.5,7.46,7.48,9.38,4,8,4,6,6.72,5.23,3.66,4.99,5.83,4.17,2.33,8.14,4.62,3.77,0.95,4.62,7.62,6.49,5.75,5,6.22,8.51,7.48,5.16,7.05,6.27,4.44,5.36,6.64,6.24,1.54,7.08,4.95,6,8,0,6,4.67,4.43,4.5,6.59,10,5.68,10,6.87,3.99,2.67,8.37,2.83,8.42,8.01,5.72,5.75,5.86,6.66,91,3,1089,5.39
MYS,Malaysia,5.09,5.63,5.58,5.43,9.24,10,10,10,9.99,9.99,10,10,10,0,0,0,6.67,8.63,5,5,5,5,2.5,7.27,3.79,4.52,7.5,2.5,5,2.5,2.5,3.33,4.44,10,10,1.33,4,7.5,7.5,7.5,6.83,7,5,5,5,0,0,0,5,4.25,6.02,6.02,8.71,4,9,9,9,6.93,6.01,6.67,7.15,8.33,6.67,5,8.64,7.32,6.41,0.67,5.76,9.42,9.06,9.58,0,7.01,9.8,8.78,2.75,7.11,6.57,7.52,7.04,10,6.85,0.77,10,5.87,7.51,10,8.92,10,9.64,10,6.77,8.44,10,4.24,10,8.24,6.52,10,9.34,5.99,9.63,8.16,8.27,8.72,7.19,6.61,97,3,24989,6.65
MLI,Mali,,,,4.02,5.67,5,7.56,2.5,4.92,7.16,5.43,1.1,7.5,5,5,5,4.53,5.21,10,10,5,8.33,5,8.67,8.15,7.27,7.5,7.5,8.75,7.5,7.5,7.92,7.64,10,10,7.33,5.25,7.5,5,7.5,7.51,,0,0,0,10,10,10,5,5,5.88,6.46,9.73,2,5,1,3,5.3,4.46,4.31,4.57,4.17,5,2.63,5.57,4.3,4.34,0.66,3.63,9.22,9.03,9.71,0,6.99,7.65,7.56,7.02,7.41,4.4,5.31,4.86,10,4.24,0.77,10,5,6.82,8,9.02,10,9.01,4.43,4.89,5.91,8,7.57,0,5.13,4.03,4.22,9.07,3.41,8.89,6.97,6.1,6.75,5.9,5.89,136,4,1919,5.51
MLT,Malta,,,,7.09,9.62,10,10,,10,10,10,,,,,,,9.81,10,10,,10,10,9.22,6.48,8.57,10,10,10,10,10,10,10,10,10,8.33,7.75,10,5,10,8.73,10,,,,10,10,10,,10,8.95,3.92,6.4,6,7,7,7,5.83,6.08,4.44,6.69,10,8.33,4.48,5.28,6.64,7.37,1,6.59,8.95,9.88,9.78,10,9.65,9.1,8.98,7,8.36,6.6,9.36,7.98,10,6.9,6.92,7.74,7.19,8.38,10,9.53,10,9.84,7.23,4.76,6.83,8,10,10,7.8,4.1,4.89,9.03,4.66,8.19,8.44,6.55,8.07,7.7,8.33,21,1,34380,8.06
MRT,Mauritania,,,,3.91,5.91,5,10,5,10,10,8,2.8,7.5,0,0,0,3.43,5.78,5,10,10,8.33,10,9.07,4.58,7.88,10,7.5,10,10,7.5,9.17,8.89,10,7.54,4.67,5,10,10,10,8.17,,0,0,0,0,0,0,0,0,5.75,2.84,,6,5,5,5,4.61,3.07,2.27,2.91,4.6,,6.27,7.56,1.89,4.04,0.61,3.28,9.28,6.65,9.44,5,7.59,,7.6,7.17,7.38,2.69,5.12,3.9,10,3.23,3.33,1,2.52,5.95,8,7.86,9,8.29,4.43,4.6,5.79,10,7.94,5,6.3,3.64,0.22,9.54,2.84,9.22,1.88,4.56,6.38,5.56,5.66,139,4,3602,3.86
MUS,Mauritius,,,,6.61,8.9,10,10,10,10,10,10,10,10,5,5,5,8.33,9.08,5,5,10,6.67,7.5,9.33,7.82,8.22,10,10,7.5,7.5,7.5,7.5,9.17,10,10,8,7.5,10,7.5,10,9,,10,10,10,0,0,0,5,5,7.73,6.9,8.36,6,10,8,9,7.57,6.65,5.88,6.59,8.8,,5.03,6.25,6.25,6.99,0.97,6.47,9.09,9.52,9.74,10,9.59,9.81,9.8,8.66,9.42,6.14,7.86,7,10,6.46,4.62,10,7.02,8.36,10,8.33,10,9.44,5.57,5.43,6.58,10,7.53,10,7.52,4.67,9.78,9.77,4.71,8.37,8.3,7.6,8.19,8.04,7.88,39,1,18864,7.92
MEX,Mexico,4.51,4.08,2.86,3.81,3.46,0,10,7.5,9.98,9.98,7.49,10,10,5,5,5,8.33,6.43,10,10,10,10,10,8.26,7.18,8.48,10,10,5,10,2.5,5.83,8.61,6.85,10,3.67,2.25,10,7.5,5,6.47,10,10,10,10,10,10,10,10,10,6.92,7.33,7.92,8,8,8,8,7.81,3.5,3.21,5.13,5,2.5,5.89,7.5,2.52,2.75,1,4.22,8.75,9.37,9.46,5,8.14,9.37,8.58,5.14,7.7,5.7,8.47,7.08,10,7.09,1.54,7.3,5.31,7.52,10,7.95,10,9.32,6.67,4.2,6.23,8,4.82,3,5.49,2.85,6.89,9.54,2.82,9.49,6.79,6.4,7.07,6.95,6.93,73,2,16668,6.5
MDA,Moldova,5.01,4.65,3.82,4.49,8.72,10,10,5,10,10,9,10,10,5,5,5,8.33,8.69,5,10,10,8.33,5,7.8,6.29,6.36,7.5,2.5,,2.5,5,3.75,4.58,10,10,4.33,4.75,10,7.5,7.5,7.73,10,10,10,10,10,10,10,10,10,7,6.33,6.51,6,10,4,7,6.46,1.66,1.94,3.57,6.67,6.67,4.32,9.6,3.68,6.41,0.72,4.25,8.91,9.2,8.06,5,7.79,9.28,8.92,7.8,8.67,5.35,8.79,7.07,10,4.75,0.77,6.53,4.01,7.44,10,8.25,10,9.42,5.57,3.88,6.06,6,6.79,3,5.22,3.01,6,9.74,2.46,6.42,7.97,5.93,6.86,6.56,6.78,83,3,4747,5.82
MNG,Mongolia,5.72,5.45,4.84,5.33,7.11,5,10,10,10,10,9,10,10,10,10,10,10,8.7,10,10,10,10,5,9.33,7.54,7.29,7.5,7.5,7.5,5,5,5.83,6.94,10,10,5.67,7,5,5,7.5,7.17,7,10,10,10,10,10,10,10,9.25,7.57,6.24,7.63,10,10,8,9,8.22,3.65,3.96,4.63,8.33,6.67,5.79,9.11,5.25,6.92,0.87,5.65,9.32,8,8.84,10,9.04,8.68,9,9.64,9.11,5.23,2.59,3.91,10,4.55,6.15,6.42,5.71,7.18,,6.18,10,8.09,10,4.77,7.42,6,9.25,3,6.74,3.89,4.67,9.79,3.11,8.68,8.34,6.41,7.08,7.43,7.5,50,2,11409,6.22
MNE,Montenegro,,,,5.28,8.91,10,10,7.5,10,10,9.5,,,,,,,9.21,10,10,,10,,8.24,7.59,7.92,,,,,,,,10,10,6.33,5.5,,,,7.96,10,,,,10,10,10,,10,8.11,5.93,,2,10,5,7.5,5.14,4.26,4.01,4.81,6.7,,4.8,7.68,4.53,5.64,0.82,4.83,9.15,9.77,9.69,5,8.4,7.8,9.2,7.68,8.23,5.94,9.23,7.58,10,5.22,6.92,8.08,6.74,8.14,10,5,10,8.33,5.57,4.32,6.04,8,7.76,10,6.95,4.26,6.89,9.66,4.19,8.42,6.64,6.68,7.32,6.77,7.44,51,2,15291,5.75
MAR,Morocco,2.87,5.35,3.69,3.97,9.58,10,10,5,10,10,9,10,10,0,0,0,6.67,8.42,10,5,10,8.33,5,8.1,4.35,5.82,7.5,7.5,8.75,7.5,0,5.42,6.81,10,9.71,2.33,3.75,7.5,7.5,5,6.54,,5,5,5,0,0,0,5,3.33,6.18,4.43,7.29,8,4,2,3,5.68,4.51,4.28,6.11,6.67,7.5,5.09,7.64,8,7.33,0.76,5.57,9.95,9.53,9.69,0,7.29,9.27,7.7,3.38,6.78,4.33,7.06,5.7,10,6.51,0.77,7.41,4.9,6.84,5,8.66,8,7.22,1.1,3.91,6,8,5.29,1,4.22,4.26,5.33,9.61,4.46,9.47,7.63,6.8,6.08,6.29,6.23,122,4,7286,4.73
MOZ,Mozambique,,,,3.84,8.54,10,10,5,9.86,9.98,8.97,10,10,5,5,5,8.33,8.61,10,10,5,8.33,2.5,9.96,9.26,7.24,5,2.5,8.75,0,2.5,3.75,3.75,10,10,6,5.25,10,7.5,7.5,8.04,10,10,10,10,10,10,10,10,10,6.85,3.43,9.02,6,7,5,6,6.11,3.25,3.03,4.4,6.67,5,0,7.47,2.92,3.9,0.95,3.97,7.55,8.73,9.29,0,6.39,8.8,7.98,7.05,7.94,4.84,6.2,5.52,10,5.78,0,0.89,2.22,6.42,10,0,10,6.67,3.33,4.18,5.41,6,0,0,3.15,3.66,2.67,9.2,2.84,9.1,7.76,5.87,5.23,5.62,6.23,122,4,1118,4.8
MMR,Myanmar,2.3,4.21,3.19,3.23,9.03,5,6.1,5,9.64,9.44,7.04,10,10,0,5,2.5,7.5,7.86,0,0,5,1.67,7.5,7.52,6.71,7.24,7.5,7.5,7.5,5,7.5,6.67,7.22,10,9.07,2.33,3,7.5,7.5,10,7.06,,0,5,2.5,0,10,5,10,5.83,5.67,5.03,,4,9,9,9,6.01,2.7,2.73,3.41,2.5,5,1.87,6.72,3.1,3.94,0.93,3.42,7.78,9.58,7.84,0,6.3,0,8.88,7.31,5.4,4.98,0.86,2.92,10,3.85,0.77,0,1.54,4.96,0,7.67,10,5.89,8.9,5.22,7.42,8,4.01,0,5.59,3.24,1.33,9.16,2.18,9.36,6.84,5.35,5.61,5.26,5.47,144,4,5071,4.52
NAM,Namibia,,,,5.54,3.01,10,10,7.5,10,10,9.5,10,10,5,5,5,8.33,6.95,10,10,10,10,7.5,9.8,9.08,8.79,7.5,7.5,7.5,7.5,7.5,7.5,7.5,10,10,7,6.5,5,5,7.5,7.29,7,10,10,10,0,10,5,10,8,7.28,2.94,8.85,8,6,6,6,6.45,6.97,5.93,7.07,10,8.33,4.82,4.48,5.74,5.27,1,6.51,8.99,8.25,9.32,0,6.64,2.95,8.48,5.44,5.62,6.05,5.27,5.66,10,6.29,0.77,5.75,4.27,6.39,10,7,10,9,10,4.28,5.88,10,8.27,10,8.07,4.96,5.78,7.77,4.36,8.68,6.61,6.36,7.81,6.76,7.02,69,2,9913,5.83
NPL,Nepal,3.91,4.15,4.44,4.17,9.09,10,10,7.5,10,9.92,9.48,10,7.5,10,10,10,9.17,9.25,10,10,5,8.33,7.5,7.8,7.63,7.64,7.5,7.5,6.25,5,2.5,4.58,6.53,10,10,4.67,4.25,10,5,5,6.99,10,10,10,10,10,10,10,10,10,7.3,8.16,9.36,8,7,7,7,8.13,5.22,3.54,5.12,3.8,,3.37,8.33,4.67,5.12,0.84,4.5,8.02,9.16,8.43,0,6.4,5.81,7.54,5.42,6.26,5.56,6.75,6.15,10,3.87,0,10,4.62,6.76,8,10,7,8.33,3.33,3.01,4.46,10,2.6,10,5.57,3.5,4.89,9.18,2.85,9.49,6.2,6.02,6.64,6.49,6.9,74,2,2301,4.57
NLD,Netherlands,8.73,8.77,7.99,8.5,9.76,10,10,10,10,10,10,10,10,10,10,10,10,9.92,10,10,10,10,10,8.39,7.54,8.64,10,10,10,10,10,10,10,10,10,9.33,8.75,10,10,10,9.73,7,10,10,10,10,10,10,10,9.25,9.37,1.11,3.43,8,3,3,3,3.89,8.97,7.48,8.64,10,10,5.14,7.95,8.72,7.01,1,8.21,9.34,9.78,9.88,10,9.75,9.1,8.98,7,8.36,6.44,9.96,8.2,10,7.47,8.46,7.74,7.89,8.61,8,9.33,10,9.11,6.67,5.03,5.74,10,7.53,10,7.49,4.96,9.11,9.82,7.86,8.29,8.67,8.12,8.24,7.74,8.55,9,1,46354,8.79
NZL,New Zealand,8.12,7.84,7.51,7.82,9.64,10,10,10,10,10,10,10,10,10,10,10,10,9.88,10,10,10,10,10,9.67,9.68,9.78,10,10,7.5,10,10,9.17,9.72,10,10,8.33,8,10,10,10,9.48,7,10,10,10,10,10,10,10,9.25,9.25,4.54,6.31,8,7,7,7,6.46,9.47,7.62,8.58,10,9.17,7.18,9.95,9.35,7.33,1,8.74,8.86,9.22,9.95,10,9.51,8.88,9.6,8.96,9.15,7.2,8.72,7.96,10,6.89,6.92,7.74,7.18,8.57,10,10,10,10,8.9,6.02,8.19,10,10,10,8.85,5.08,10,9.98,8.38,9.4,8.3,8.52,9.12,8.48,8.86,3,1,34646,9.08
NIC,Nicaragua,3.44,3.68,3.15,3.42,5.47,10,10,7.5,10,10,9.5,10,10,5,5,5,8.33,7.77,10,10,5,8.33,5,9.51,8.34,7.62,5,2.5,2.5,2.5,2.5,2.5,3.33,10,10,5.33,4.25,7.5,7.5,7.5,7.44,0,5,10,7.5,10,10,10,10,6.88,6.16,9.31,10,7,8,4,6,8.08,1.13,2.43,3.74,4.17,5.83,5.14,7.3,4.5,6.79,0.95,4.45,7.34,9.05,9.2,10,8.9,9.52,8.86,7.01,8.46,4.97,6.33,5.65,10,6.02,5.38,10,7.13,7.81,10,9.26,9,9.42,6.67,5.47,6.91,4,6.26,10,6.55,2.96,3.56,8.87,2.61,7.54,7.75,5.55,7.17,7.28,6.72,87,3,4961,4.88
NER,Niger,,,,4.26,8.11,10,7.14,2.5,0,8.83,5.69,9.8,7.5,0,0,0,5.77,6.52,10,10,0,6.67,7.5,8.32,6.25,7.36,5,5,6.25,5,7.5,6.25,5.42,10,10,4.67,5,7.5,7.5,2.5,6.74,,5,0,2.5,10,10,10,0,4.17,5.73,5.89,9.84,4,7,3,5,6.18,,4.5,,3.33,3.33,3.16,6.38,,,0.65,3.41,8.06,9.27,9.8,0,6.78,3.82,7.56,7.02,6.13,,4.37,4.37,10,,0.77,2.1,1.44,5.49,10,8.27,10,9.42,1.67,,,8,7.38,0,4.26,,2.22,9.18,,9.06,6.97,6.86,6.85,5.74,5.73,137,4,897,3.64
NGA,Nigeria,3.66,4.8,4.19,4.22,6.08,0,1.83,2.5,0.21,6.87,2.28,7,7.5,0,0,0,4.83,4.4,5,10,5,6.67,10,6.76,6.25,7.67,7.5,7.5,8.75,10,10,9.58,8.19,10,10,5.33,4.5,7.5,5,7.5,7.12,,5,5,5,0,0,0,5,3.33,5.45,9.44,9.87,2,9,5,7,7.08,4.69,3.7,4.99,3.33,3.33,3.12,5.23,3.32,3.48,0.85,3.61,9.19,9.37,8.2,5,7.94,,7.58,7,7.29,6.35,0,3.17,8.45,6.58,5.83,1.99,4.8,5.93,10,6.69,10,8.9,10,6.25,8.02,10,10,10,9.05,3.28,1.11,8.87,2.21,9.14,0,4.1,7.35,6.38,5.92,133,4,5671,4.68
NOR,Norway,9,8.51,8.35,8.62,9.78,10,10,10,10,10,10,10,10,10,10,10,10,9.93,10,10,10,10,10,8.83,6.76,8.53,10,10,10,10,10,10,10,10,10,9.33,9.25,10,10,10,9.8,10,10,10,10,10,10,10,10,10,9.47,1.42,5.32,7,6,3,4.5,4.56,9.29,7.52,8.62,10,10,7.75,9.12,9.14,8.04,1,8.83,9.76,8.73,9.57,10,9.51,9.9,8.68,0,6.19,6.07,9.85,7.96,10,7.03,4.62,7.74,6.46,7.65,10,10,10,10,7.23,4.35,5.2,4,10,1,5.3,5.29,7.56,9.85,7.93,9.12,9.07,8.13,7.81,7.67,8.57,7,1,63670,9.91
OMN,Oman,,,,5.98,9.52,10,10,7.5,10,10,9.5,10,7.5,0,0,0,5.83,8.28,10,10,0,6.67,0,9.44,4.81,4.75,2.5,2.5,2.5,0,5,2.5,2.5,10,10,1.67,3.25,7.5,7.5,5,6.42,,0,0,0,0,0,0,0,0,5.6,0,8.13,0,10,10,10,4.53,6.09,5.58,7.41,8.33,8.33,5.14,8.71,8.76,8.8,0.61,6.01,8.63,4.75,9.99,10,8.34,9.63,8.9,5.71,8.08,6.08,7,6.54,10,5.25,5.38,7.3,5.98,7.65,10,0,10,6.67,7.77,3.44,5.39,2,,10,5.72,4.52,6.22,9.75,5.95,8.36,9.24,7.34,6.58,6.62,6.11,126,4,40139,2.77
PAK,Pakistan,3.02,3.7,3.77,3.5,6.9,0,6.34,2.5,7.17,8.04,4.81,10,5,0,0,0,5,5.57,5,5,5,5,10,5.7,5.32,7.01,7.5,7.5,8.75,10,10,9.58,8.19,9.47,10,3.67,2.75,2.5,2.5,7.5,5.48,10,0,0,0,0,10,5,0,3.75,5.21,8.22,9.22,6,8,8,8,7.86,4.28,3.29,4.14,2.5,5,3.75,5.56,3.52,3.1,0.69,3.3,8.29,7.75,9.49,0,6.38,7.93,7.54,5.97,7.15,4.76,2.98,3.87,10,4.66,0.77,0.77,2.07,5.77,8,6.28,10,8.09,1.1,4.74,5.68,6,2.6,10,5.02,4,5.11,9.29,3.39,6.6,6.51,5.82,6.31,5.93,5.57,141,4,4695,4.25
PAN,Panama,5.54,4.84,2.88,4.42,5.45,10,10,10,10,10,10,10,10,10,10,10,10,8.48,10,10,10,10,7.5,9.29,6.16,7.65,10,10,10,7.5,7.5,8.33,9.44,10,10,4.33,5.5,10,10,10,8.55,7,10,10,10,10,10,10,10,9.25,7.71,6.96,8.56,8,9,4,6.5,7.5,3.11,3.4,6.52,8.33,5,2.99,8.79,6.14,5.86,0.95,5.43,9.85,7.71,9.97,10,9.38,8.94,8.64,6.11,7.9,6.38,8.9,7.64,10,7.92,10,10,9.31,8.71,8,9.33,10,9.11,2.23,4.19,5.62,4,4.13,10,5.03,4.59,7.33,9.75,3.9,9.32,5.33,6.7,6.95,7.59,7.65,48,2,20674,6.78
PNG,Papua New Guinea,,,,3.8,5.84,10,10,7.5,10,10,9.5,10,7.5,5,5,5,7.5,7.61,10,10,10,10,,8.63,7.27,7.95,,,,,,,,10,10,7.67,6.75,,,,8.6,,5,10,7.5,0,10,5,10,7.5,7.11,3.63,9.12,8,5,5,5,6.44,5.1,4,3.91,7.5,5,1.01,6.93,3,3.03,0.9,4.16,9.59,8.45,9.74,0,6.95,6.61,9.06,6.09,7.25,5.28,4.14,4.71,10,,7.69,7.08,7.39,7.34,10,5.31,8,7.77,6.67,5.54,6.25,10,7.01,10,7.58,3.98,3.78,8.52,,7.38,7.68,6.27,7.2,6.42,6.76,86,3,2621,5.63
PRY,Paraguay,,,,4.11,6.28,10,10,5,9.35,10,8.87,10,10,5,5,5,8.33,7.83,10,5,10,8.33,7.5,9.56,8.19,8.42,7.5,10,5,5,7.5,5.83,7.78,10,10,5,3.75,10,7.5,10,8.04,0,10,10,10,10,10,10,10,7.5,6.99,7.16,9.11,8,10,7,8.5,8.19,1.92,2.29,4.61,2.5,3.33,4.07,8.51,2.97,4.59,1,3.87,8.84,8.68,9.37,10,9.22,9.02,8.04,6.79,7.95,5.72,5.6,5.66,10,6.27,3.85,6.75,5.62,7.31,8,8.35,8,8.12,4.43,3.9,6.19,6,2.6,1,4.02,4.09,4.67,8.46,2.49,8.96,5.76,5.74,5.96,6.91,6.95,72,2,8639,5.86
PER,Peru,5.91,4.37,3.44,4.58,7.14,10,10,7.5,9.94,9.96,9.48,10,10,5,5,5,8.33,8.32,10,10,10,10,10,9.11,6.06,8.39,10,7.5,7.5,10,7.5,8.33,8.61,10,10,5,5.25,10,7.5,10,8.25,0,10,5,7.5,10,10,10,10,6.88,7.44,6.82,9.55,7,8,3,5.5,7.22,3.55,2.67,5.01,7.5,5,5.08,8.79,2.6,3.01,1,4.8,9.51,9.46,9.29,10,9.56,9.57,9.52,8.44,9.17,5.53,5.77,5.65,10,6.81,8.46,8.96,8.08,8.23,10,8.96,9,9.32,3.9,2.52,5.25,10,7.04,10,6.45,2.02,8.22,9.06,3.79,8.08,7.09,6.38,7.38,7.44,7.44,51,2,11768,6.17
PHL,Philippines,3.65,4.49,3.64,3.93,6.06,5,8.11,2.5,8.53,8.51,6.53,10,10,5,5,5,8.33,6.98,10,10,5,8.33,10,8.89,8.57,9.15,7.5,7.5,5,7.5,10,7.5,7.5,10,10,5.33,5,10,10,10,8.62,0,0,0,0,10,10,10,5,3.75,6.46,7.96,9.96,10,7,,7,8.73,4.6,3.45,5.2,5,4.17,3.12,7.93,4.08,4.53,0.9,4.43,8.77,9.29,9.71,10,9.44,9.1,8.74,7.3,8.38,5.8,5.02,5.41,10,5.55,0.77,10,5.44,7.31,8,10,10,9.33,7.77,4.47,5.87,10,2.52,10,6.77,2.87,4.89,8.93,3.27,9.32,7.92,6.2,7.43,7.47,6.97,71,2,6875,6.27
POL,Poland,7.72,6.63,6.91,7.09,9.7,10,10,10,10,10,10,10,10,10,10,10,10,9.9,10,10,10,10,7.5,8.73,7.41,7.88,10,10,10,10,7.5,9.17,9.72,7.37,10,7,7.25,10,10,10,8.8,7,10,10,10,10,10,10,10,9.25,8.81,4.84,5.55,7,7,4,5.5,5.72,4.59,3.73,5.39,10,7.5,4.12,9.28,5.15,6.71,0.85,5.79,9.21,9.47,9.8,10,9.62,9.1,8.98,7,8.36,5.93,9.96,7.95,10,6.43,2.31,7.74,5.49,7.95,8,8.53,10,8.84,8.9,4.24,6.44,8,7.76,10,7.56,2.84,7.33,8.65,4.87,8.42,6.96,6.51,7.64,7.34,8.08,32,1,25299,6.59
PRT,Portugal,8.13,6.64,6.72,7.16,9.61,10,10,10,10,10,10,10,10,10,10,10,10,9.87,10,10,10,10,10,9.89,8.79,9.56,10,10,10,10,10,10,10,10,10,8.33,8.25,10,10,10,9.51,7,10,10,10,10,10,10,10,9.25,9.09,5.41,4.52,10,4,1,2.5,5.61,6.17,3.14,5.81,10,8.33,5.5,7.58,7.85,8.17,1,6.95,9.22,9.59,9.9,10,9.68,9.81,8.98,7,8.6,7.39,9.96,8.67,10,6.87,4.62,7.74,6.41,8.42,8,7.19,9,8.06,2.23,3.5,5.32,6,7.04,10,5.68,3.06,8.89,9.83,5.39,9.07,7.28,7.25,7,7.53,8.31,22,1,26548,7.39
QAT,Qatar,,,,6.65,6.76,10,10,10,10,9.91,9.98,10,7.5,0,0,0,5.83,7.53,5,5,0,3.33,10,8.7,4.07,7.59,0,2.5,0,0,0,0,0.83,10,10,3,3.5,7.5,7.5,7.5,7,,0,0,0,0,0,0,0,0,5.42,0,9.61,,10,10,10,6.54,7.65,7.37,7.94,6.67,8.33,4.86,9.66,8.79,8.95,0.62,6.3,9.34,4.52,9.62,10,8.37,9.31,9.06,7.22,8.53,6.95,6.76,6.85,10,5.89,4.62,4.09,4.87,7.56,,10,10,10,10,6.89,9.08,4,4.82,5,6.63,6.75,7.56,9.65,7.93,9.97,9.54,8.57,8.4,7.43,6.43,112,3,119749,2.95
ROU,Romania,6.72,6.46,5.8,6.32,9.4,10,10,10,10,10,10,10,10,10,10,10,10,9.8,10,10,10,10,10,8.21,7.5,8.57,10,10,8.75,10,10,9.58,9.86,10,10,7,6,10,7.5,10,8.64,7,10,10,10,10,10,10,10,9.25,8.66,6.47,6.72,8,10,4,7,7.05,4.87,3.15,4.92,8.33,5.83,4.85,9.14,5.32,7.1,1,5.95,8.7,9.01,9.88,10,9.4,9.1,8.98,7,8.36,6.21,9.96,8.09,10,6.18,8.46,7.74,7.46,8.48,10,9.4,10,9.8,3.9,4.35,6.48,8,10,10,7.12,2.8,6,9.59,3.17,8.13,8.2,6.31,7.75,7.72,8.19,28,1,20538,6.22
RUS,Russia,3.08,5.17,3.31,3.86,5.48,0,9.8,5,9.95,9.97,6.94,10,10,10,10,10,10,7.47,0,0,10,3.33,7.5,6.2,3.38,5.69,5,5,3.75,2.5,5,3.75,4.58,10,9.93,1.67,1.5,2.5,2.5,7.5,5.09,7,10,10,10,10,10,10,10,9.25,5.63,4.09,4.61,10,10,5,7.5,6.55,3.94,3.72,4.14,6.67,5,6.92,9.65,4.16,5.83,0.74,4.85,8.81,8.36,6.89,10,8.52,4.49,8.44,6.51,6.48,4.81,5.76,5.29,10,4.07,6.15,3.77,4.66,6.61,5,8.5,10,7.83,3.9,5.11,7.25,6,8.5,3,5.63,3.35,4,9.68,3.86,7.01,8.12,6,6.49,6.6,6.11,126,4,24124,3.26
RWA,Rwanda,,,,5.35,8.2,10,10,5,10,10,9,10,10,5,5,5,8.33,8.51,10,5,5,6.67,5,9.19,6.66,6.95,2.5,2.5,0,0,2.5,0.83,1.94,10,10,2.33,1.5,7.5,10,7.5,6.98,,5,10,7.5,10,10,10,10,9.17,6.63,7.82,8.84,0,8,5,6.5,5.79,7.48,7.19,7.84,6.1,,3.73,9.74,9.07,8.88,0.95,7.32,9.04,9.01,9.5,10,9.39,8.38,7.44,5.24,7.02,5.66,4.62,5.14,10,6.98,8.46,1.88,5.77,6.98,8,7.48,9,8.16,10,6.31,8.17,10,7.76,10,8.71,7.45,7.56,9.36,7.56,9,8.61,8.26,8.37,7.57,7.1,65,2,1716,3.11
SAU,Saudi Arabia,,,,5.64,9.4,10,10,2.5,7.75,8.22,7.69,10,5,0,0,0,5,7.36,0,0,0,0,5,7.51,3.89,5.47,2.5,2.5,0,0,0,0,1.67,10,7.78,0.33,2,7.5,5,5,5.37,,0,0,0,0,0,0,0,0,4.5,0,,,10,10,10,5,7.18,5.94,7.14,8.33,8.33,4.46,9.94,8.07,7.91,0.41,5.29,9.04,4.72,9.56,10,8.33,,8.98,6.96,7.97,5.95,1.52,3.74,10,4.44,1.54,0.55,2.18,5.97,8,2.34,,5.17,10,5.81,7.9,6,4.39,10,7.35,5.06,4,9.43,6.6,9.19,9.25,7.26,6.59,6.24,5.37,149,4,50724,2.05
SEN,Senegal,4.61,5.69,4.26,4.85,7.08,10,10,5,10,9.95,8.99,7.4,10,5,5,5,7.47,7.85,10,5,5,6.67,10,9.79,8.33,9.37,10,10,8.75,10,10,9.58,9.86,10,10,3.67,6,10,2.5,10,7.45,,0,5,2.5,0,0,0,5,2.5,6.76,6.57,10,6,5,5,5,6.89,4.41,5.47,5.29,4.17,5,2.79,5.31,6.79,6.1,0.68,4.24,8.91,9.38,9.97,0,7.06,7.27,7.56,7.02,7.29,4.45,6.25,5.35,10,5.77,0.77,4.76,3.76,6.6,10,7.3,10,9.1,0,4.35,5.8,4,7.19,0,3.56,4.43,2,9.13,4.1,7.61,5.06,5.39,6.01,6.16,6.46,108,3,2297,5.84
SRB,Serbia,5.61,4.64,3.4,4.55,9.55,10,10,7.5,10,10,9.5,10,10,5,10,7.5,9.17,9.4,10,10,10,10,7.5,9.07,7.97,8.18,7.5,7.5,7.5,7.5,7.5,7.5,7.5,10,10,6,4.75,7.5,7.5,10,7.96,,10,10,10,10,10,10,10,10,7.85,6.52,3.69,8,10,5,7.5,6.43,2.98,2.85,3.65,6.67,5.83,3.2,8.68,4.55,5.62,1,4.89,7.98,8.68,9.72,5,7.85,9.27,8.52,7.16,8.32,5.01,9.77,7.39,10,5.2,1.54,6.97,4.57,7.57,8,7.16,9,8.05,2.23,4.34,6.37,10,7.51,10,6.74,2.4,6,9.71,3.49,8.37,7.47,6.24,7.01,6.75,7.3,55,2,13278,6.55
SYC,Seychelles,,,,5.54,9.12,10,10,,10,10,10,,,,,,,9.56,10,5,,7.5,,10,7.41,8.7,,,,,,,,10,10,4.67,6,,,,7.67,,,,,10,10,10,,10,8.01,1.63,9.13,8,10,10,10,7.19,5.2,4.48,5.25,8.2,,4.06,7.08,5.2,5.27,0.97,5.52,8.53,9.58,9.19,10,9.33,9.23,9.42,5.87,8.17,5.7,5.32,5.51,9.03,5.43,8.46,10,7.96,7.67,5,10,9,8,6.67,4.42,6.43,8,7.53,10,7.17,5.33,6,8.83,4.42,8.46,9.05,7.01,7.4,7.42,7.71,45,2,25525,
SLE,Sierra Leone,4.68,3.99,3.58,4.08,9.23,10,10,7.5,10,10,9.5,1.2,10,5,5,5,5.4,8.04,10,10,5,8.33,,9.64,8.52,9.08,,,5,,,,,10,10,4.67,4.75,,,,7.35,,10,10,10,0,10,5,10,8.33,7.17,9.09,10,4,8,5,6.5,7.4,2.86,3.18,4.15,4.17,5.83,4.18,5.42,4.18,4.69,0.85,3.97,8.04,6.83,8.4,5,7.07,8.96,7.62,7.14,7.91,4.55,1.14,2.84,10,5.83,0,1.77,2.53,5.82,2,0,8,3.33,3.33,4.47,5.73,8,0,10,5.26,3.92,2.44,9.36,2.26,8.21,6.16,5.39,4.66,5.78,6.47,107,3,1316,4.37
SGP,Singapore,7.4,8.47,8.26,8.04,9.9,10,10,10,10,10,10,10,10,5,5,5,8.33,9.41,10,5,10,8.33,10,8.86,4.21,7.69,5,2.5,5,2.5,2.5,3.33,3.61,10,10,2,4.5,10,10,5,7.36,7,10,10,10,0,10,5,10,8,7.86,5.27,8.85,7,10,10,10,7.78,7.64,7.94,8.85,8.33,8.33,7.66,8.96,9.24,8.58,0.97,8.29,9.84,9.63,9.89,10,9.84,10,9.96,10,9.99,7.95,9.13,8.54,10,8.49,6.92,10,8.47,9.25,10,10,10,10,10,7.61,9.72,10, ,0,7.47,7.65,10,9.91,8.75,9.99,9.25,9.26,8.91,8.81,8.34,18,1,80892,5.91
SVK,Slovakia,,,,6.01,9.65,10,10,7.5,10,10,9.5,10,10,10,10,10,10,9.72,10,10,10,10,10,8.89,7.96,8.95,10,10,10,10,10,10,10,10,10,7.67,7.75,10,10,10,9.35,10,10,10,10,10,10,10,10,10,8.76,4.07,4.48,8,9,2,5.5,5.51,3.04,2.06,5.29,10,6.67,3.33,9.69,4.31,6.37,1,5.64,9.34,9.67,9.93,10,9.74,9.1,8.98,7,8.36,5.74,9.96,7.85,10,7.87,5.38,7.74,7,8.3,10,8.77,9,9.26,6.67,3.24,5.16,8,7.76,10,6.8,2.21,7.33,9.56,2.88,6.25,7.85,6.02,7.36,7.31,8.04,33,1,28254,6.91
SVN,Slovenia,8.01,6.42,6.55,6.99,9.52,10,10,7.5,10,10,9.5,10,10,10,10,10,10,9.67,10,10,10,10,10,9.84,7.54,9.13,10,10,10,10,10,10,10,10,10,8,8,10,10,10,9.43,10,10,10,10,10,10,10,10,10,9.02,4.01,4.87,6,4,0,2,4.22,4.55,3.57,5.59,9.17,7.5,4.23,8.41,7.49,7.92,0.95,6.32,9.3,9.88,9.9,10,9.77,9.1,8.98,7,8.36,6.04,9.96,8,10,4.56,3.08,7.74,5.13,7.87,5,8.78,10,7.93,2.23,2.29,3.78,8,8.13,10,5.74,2.9,8.67,9.64,5.01,7.25,7.25,6.79,6.82,7,8.01,36,1,29097,7.26
ZAF,South Africa,5.74,6.06,5.19,5.67,0,10,10,5,9.99,9.88,8.97,10,7.5,10,10,10,9.17,6.05,10,10,10,10,10,8.26,9.45,9.24,10,10,7.5,10,10,9.17,9.72,10,10,7,5.75,5,5,10,7.54,7,10,10,10,10,10,10,10,9.25,7.5,4.25,8.15,4,4,4,4,5.1,8.03,7.42,7.39,8.33,3.33,3.93,7.17,3.86,2.39,1,5.76,8.79,9.42,9.08,5,8.07,8.71,8.48,4.86,7.35,6.18,3.66,4.92,10,6.58,0.77,8.3,5.22,6.87,10,10,10,10,5.57,2.1,2.46,8,8.27,10,6.07,3.31,4,8.62,3.93,8.62,7.72,6.03,7.37,6.63,7.07,68,2,12425,7.47
ESP,Spain,8.06,6.51,6.31,6.96,9.74,10,10,10,10,10,10,10,10,5,10,7.5,9.17,9.63,10,10,10,10,10,8.93,7.36,8.76,10,7.5,8.75,10,10,9.58,9.03,10,10,8,6.5,10,10,10,9.21,7,10,10,10,10,10,10,10,9.25,8.77,4.38,4.35,10,4,4,4,5.68,5.01,4.19,6.09,8.33,8.33,5.5,7.76,8.65,7.37,1,6.8,9.37,9.78,9.9,10,9.76,9.1,8.98,7,8.36,5.82,9.96,7.89,10,6.56,3.08,7.74,5.79,8.01,10,7.94,9,8.98,3.9,3.84,5.72,8,5.07,10,6.09,3,7.56,9.49,4.8,7.57,8.3,6.78,7.28,7.51,8.14,30,1,32216,8.02
LKA,Sri Lanka,4.45,4.25,4.88,4.53,8.84,5,10,5,9.95,9.87,7.96,10,10,5,5,5,8.33,8.38,5,5,10,6.67,0,7.01,6.24,4.42,0,0,8.75,0,0,2.92,0.97,10,10,3.67,3.5,2.5,2.5,7.5,5.67,7,0,0,0,0,0,0,0,1.75,5.17,8.41,9.4,7,9,8,8.5,8.33,5.65,5.04,5.59,5,5.83,3.61,7.36,5.35,6.65,0.9,5.28,9.07,8.79,9.82,0,6.92,7,8.14,3.01,6.05,5.56,5.47,5.52,10,5.85,0,0,1.95,5.88,5,7.62,10,7.54,10,3.97,5.67,8,0,10,6.27,4.3,5.33,9.58,3.82,9.04,7.99,6.68,6.83,6.65,5.91,135,4,11062,6.63
SUR,Suriname,4.14,5.11,5.39,4.88,5.73,10,10,,10,10,10,,,,,,,7.86,10,10,,10,,9.7,8.84,9.27,,,,,,,,10,10,7.33,6.75,,,,8.52,,,,,10,10,10,,10,7.91,2.09,8.58,10,5,5,5,6.42,4.75,5.1,3.76,5,5,2.75,3.49,5.75,5.51,0.97,4.51,9.62,7.54,8.62,10,8.94,8.39,7.92,6.13,7.48,6.56,6.83,6.7,10,4.65,0,1.99,2.21,6.6,5,8.97,10,7.99,8.9,3.28,6.66,10,7.01,10,7.64,3.71,1.33,6.23,3.94,7.28,7.77,5.04,6.89,6.67,7.29,56,2,14767,6.4
SWZ,Swaziland,,,,4.8,6.74,10,10,7.5,10,10,9.5,10,10,0,5,2.5,7.5,7.91,10,5,5,6.67,,9.11,7.82,8.47,,,,,,,,10,10,1.67,2.5,,,,6.04,10,5,0,2.5,0,10,5,5,5.63,6.53,6.3,9.88,6,7,7,7,7.29,3.1,3.86,5.86,5.1,,1.59,7.27,5.95,6.11,0.69,4.11,8.57,9.23,9.03,5,7.96,0,8.48,5.44,4.64,6.02,9.71,7.87,10,5.61,0.77,9.62,5.34,6.96,8,8.33,10,8.78,8.9,4.66,5.84,10,6.89,10,7.71,4.11,3.56,8.86,4.13,9.02,8.63,6.39,7.63,6.79,6.66,91,3,8054,2.91
SWE,Sweden,9.42,8.12,7.93,8.49,9.54,10,10,10,9.86,9.92,9.96,10,10,10,10,10,10,9.83,10,10,10,10,10,8.7,8.01,8.9,10,10,10,10,10,10,10,10,10,9.33,8.75,10,10,10,9.73,10,10,10,10,10,10,10,5,8.75,9.32,1.02,4.53,8,2,0,1,3.64,9.11,7.46,8.87,9.17,10,6.2,8.45,7.86,8.01,1,8.35,9.03,9.83,9.99,10,9.71,9.1,8.98,7,8.36,7.07,9.92,8.5,10,7.91,3.08,7.74,6.24,8.28,10,9.71,10,9.9,6.67,3.84,4.36,6,10,10,6.81,5.16,7.56,9.73,8.38,9.02,8.63,8.08,8.26,7.65,8.48,13,1,45488,9.39
CHE,Switzerland,,,,8.39,9.72,10,10,10,10,10,10,10,10,10,5,7.5,9.17,9.63,10,10,10,10,10,8.43,7.41,8.61,10,10,10,10,10,10,10,10,10,8.67,9,10,10,10,9.67,10,10,10,10,10,10,10,10,10,9.33,6.66,6.07,10,9,7,8,7.68,9.13,8,9.15,10,8.33,5.84,9.6,9.27,7.85,1,8.58,9.62,9.83,9.77,10,9.81,9.91,8.66,0,6.19,5.84,9.89,7.86,10,7.56,3.08,7.74,6.13,7.54,8,9.93,10,9.31,10,7.98,9.96,6,10,5,8.16,6.37,8,9.57,8,8.37,9.29,8.27,8.58,8.44,8.89,1,1,56511,9.01
SYR,Syria,,,,2.93,9.14,0,0,0,0,0,0,10,7.5,0,0,0,5.83,4.99,0,0,0,0,,6.09,4.49,5.29,,,3.75,,,,,0,6.22,0.33,0.5,,,,1.76,,0,0,0,0,0,0,0,0,2.86,6.82,8.97,2,9,5,7,6.2,8.59,3,8.1,3.33,7.5,3.22,4.09,8.22,7.53,0.46,4.36,9.48,0,0,10,4.87,8.37,6.7,0.63,5.23,5.24,2.82,4.03,8.59,4.57,0.83,0,1.8,4.91,2,4.76,10,5.59,7.23,3.61,7.14,6,10,0,5.66,5.25,1.11,9.06,8.4,,6.23,6.01,5.75,5.22,4.04,159,4,,1.79
TWN,Taiwan,,,,7.11,,10,10,7.5,10,10,9.5,,,,,,,9.5,10,10,,10,10,9.33,8.24,9.19,10,10,8.75,10,10,9.58,9.86,10,10,7,7.75,10,10,10,9.25,,,,,10,10,10,,10,8.98,5.46,9.16,7,6,6,6,6.9,5.64,4.38,7.67,6.67,8.33,5.55,7.89,7.43,7.45,1,6.78,9.49,9.11,9.94,10,9.63,8.89,8.72,4.7,7.44,6.56,7.65,7.1,10,5.87,,5.2,5.54,7.52,8,9.26,10,9.09,3.33,6.36,8.6,10,2.52,5,5.97,4.99,10,9.66,6.36,9.4,7.52,7.99,7.68,7.7,8.34,18,1,,7.44
TJK,Tajikistan,,,,3.61,9.42,5,10,2.5,9.53,9.76,7.36,10,10,5,5,5,8.33,8.37,5,10,10,8.33,2.5,8.18,5.79,5.49,2.5,2.5,,0,2.5,1.25,2.08,10,10,1.33,2,5,5,2.5,5.12,,10,10,10,10,10,10,5,8.33,5.93,7.23,9.06,0,10,7,8.5,6.2,5.74,5.43,5.76,4,,5.67,8.41,6.37,6.46,0.72,5.14,9.71,7.81,8.86,10,9.09,9.19,8.48,7.84,8.5,5.21,3.45,4.33,10,4.52,2.31,9.62,5.49,7.08,8,7.47,8,7.82,5.57,5.8,7.68,6,8.13,0,5.53,5.8,2.67,9.12,4.96,6.97,7.11,6.1,6.49,6.8,6.37,118,3,2641,2.14
TZA,Tanzania,3.66,5.01,4.07,4.24,7.2,10,10,7.5,9.94,9.95,9.48,8.5,7.5,0,0,0,5.33,7.34,10,10,5,8.33,5,8.87,7.04,6.97,7.5,5,5,2.5,5,4.17,5.56,10,10,4,4.5,5,5,5,6.21,,5,5,5,0,10,5,10,6.67,6.27,6.29,9.94,7,8,4,6,7.31,4.82,4.75,4.9,6.67,8.33,5.71,7.29,5.45,5.35,0.92,5.68,9.39,8.97,8.88,5,8.06,8.56,7.42,5.1,7.03,5.16,0.8,2.98,10,5.37,0,10,5.12,6.28,10,8.37,10,9.46,5.57,4.55,6.14,10,8.27,5,6.59,4.2,2.44,8.94,3.46,7.57,7.81,5.74,7.26,6.92,6.59,99,3,2491,5.66
THA,Thailand,3.27,5.27,4.5,4.35,8.6,10,9.74,5,9.43,8.64,8.56,10,10,5,5,5,8.33,8.5,10,5,10,8.33,10,7.43,6.76,8.06,2.5,0,8.75,2.5,7.5,6.25,2.92,10,9.71,1,1.75,10,10,7.5,7.14,0,10,5,7.5,10,10,10,0,4.38,6.29,4.39,9.13,6,7,7,7,6.63,5.04,4.63,5.01,3.33,4.17,5.96,7.45,6.01,4.95,0.85,4.77,9.6,9.39,9.82,5,8.45,9.61,7.8,3.44,6.95,5.54,7.84,6.69,10,6.28,1.54,2.66,3.49,6.78,8,10,10,9.33,5.57,5.64,6.68,10,1.37,0,4.88,4.19,9.56,9.11,3.96,9.24,7.02,7.18,7.13,6.75,6.52,105,3,15237,4.75
TLS,TimorLeste,,,,0,8.55,10,10,7.5,10,10,9.5,10,7.5,5,5,5,7.5,8.52,5,10,0,5,,8.76,6.99,7.88,,,,,,,,10,10,6.33,7.25,,,,8.4,,5,5,5,10,10,10,5,6.67,5.62,0,8.17,0,10,10,10,4.54,3.85,3.22,3,5.7,,0,,4.29,4.73,1,3.54,8.25,7.27,9.87,10,8.85,9.37,9.5,10,9.62,4.29,5.05,4.67,,5.34,8.46,,6.9,7.06,,10,9,9.5,2.23,4.16,5.75,8,10,10,6.69,,4,8.85,3.51,7.54,6.91,6.16,7.45,6.29,5.96,131,4,2151,7.06
TGO,Togo,,,,3.95,6.34,10,10,7.5,10,10,9.5,9.6,10,5,5,5,8.2,8.01,0,10,10,6.67,7.5,9.56,7.59,8.22,7.5,5,5,10,7.5,7.5,6.67,10,10,3.67,4.75,10,7.5,10,7.99,,5,5,5,0,10,5,5,5,6.44,7.06,8.45,2,7,,7,6.13,,4.1,,4.17,5,3.9,1.98,,,0.93,3.69,9.47,8.92,9.64,0,7.01,7.25,7.56,7.02,7.28,,3.29,3.29,10,,0.77,1.66,1.21,5.45,5,7.89,10,7.63,1.67,,,8,7.01,0,4.17,,2.67,8.95,,8.23,7.58,6.86,6.22,5.7,6.07,129,4,1351,3.23
TTO,Trinidad and Tobago,4.92,6.1,4.02,5.02,0,10,10,7.5,10,10,9.5,10,10,5,5,5,8.33,5.94,10,10,10,10,,9.61,8.52,9.07,,,,,,,,10,10,7.67,7,,,,8.67,,10,10,10,0,0,0,10,6.67,7.04,6.32,8.42,0,9,5,7,5.43,5.33,3.34,5.12,8.33,3.33,2.96,6.24,2.93,2.42,0.97,4.39,8.09,5.86,9.07,10,8.25,8.99,7.86,5.81,7.55,6.43,6.18,6.31,10,6.06,6.15,10,7.41,7.82,8,0,10,6,10,4.53,5.97,10,5.14,10,7.61,3.74,6.67,9.66,2.62,6.79,7.65,6.19,6.6,6.5,6.77,84,3,31283,6.82
TUN,Tunisia,4.5,4.87,4.59,4.65,8.77,10,10,5,6.95,7.85,7.96,10,7.5,0,0,0,5.83,7.52,10,10,5,8.33,7.5,7.9,5.23,6.88,7.5,7.5,7.5,7.5,7.5,7.5,7.5,10,10,4.33,5.5,10,7.5,10,8.19,,5,0,2.5,0,0,0,10,4.17,6.55,5.47,6.41,7,7,4,5.5,6.1,4.71,4.33,5.87,6.67,8.33,4.88,7.26,5.49,5.1,0.8,5.28,9.54,9.67,9.03,0,7.06,8.83,6.9,5.16,6.97,4.47,7.26,5.86,9.24,5.34,0.77,9.4,5.17,6.81,5,6.63,10,7.21,6.1,2.94,3.97,10,5.51,3,5.25,3.32,5.11,9.6,4.11,9.4,8.39,6.65,6.37,6.32,6.44,111,3,10750,6.93
TUR,Turkey,3.66,4.55,4,4.07,8.26,10,6.17,2.5,7.92,7.2,6.76,10,10,10,10,10,10,8.34,10,10,10,10,5,7.21,4.91,5.71,7.5,5,6.25,5,2.5,4.58,5.69,6.19,8.22,1.33,2.5,7.5,7.5,5,5.46,7,10,10,10,10,10,10,10,9.25,6.71,6.32,6.15,7,7,7,7,6.62,3.44,3.18,5.59,3.33,5,4.58,8.55,5.58,5.76,0.9,4.74,8.29,9.56,8.47,10,9.08,9.56,7.84,0.67,6.02,6.03,8.77,7.4,10,5.84,2.31,8.41,5.52,7.24,5,9.36,10,8.12,4.43,4.2,6.11,8,2.52,1,4.38,4.08,6.22,9.59,4.35,9.23,7.57,6.84,6.44,6.82,6.77,84,3,23382,5.67
UGA,Uganda,2.11,4.22,3.39,3.24,5.26,5,8.32,7.5,9.97,9.99,8.16,9.9,7.5,5,5,5,7.47,6.96,10,10,5,8.33,7.5,7.64,8.06,7.73,7.5,5,5,2.5,10,5.83,6.11,10,10,4,4,10,7.5,7.5,7.57,,5,5,5,0,0,0,10,5,6.03,8.68,10,7,5,3,4,7.42,4.26,4.37,5.39,3.33,5.83,4.87,8.35,4.98,4.39,0.92,4.89,9.05,6.39,8.95,10,8.6,8.17,7.44,5.24,6.95,5.96,2.72,4.34,10,7.01,8.46,10,8.49,7.44,10,8.33,9,9.11,10,5.22,7.65,8,10,10,8.48,4.57,3.56,8.78,2.93,8.91,7.81,6.09,7.89,7.25,6.64,94,3,1693,4.98
UKR,Ukraine,5.1,4.72,3.97,4.6,8.27,0,0.37,0,4.35,3.79,1.7,10,7.5,10,10,10,9.17,6.38,5,10,10,8.33,5,7.73,7.45,6.73,7.5,7.5,5,5,2.5,4.17,6.39,7.79,10,5.67,4,7.5,7.5,7.5,7.14,7,10,10,10,10,10,10,10,9.25,6.53,5.08,4.04,10,10,4,7,6.53,2.1,2.74,3.38,8.33,6.67,4.8,8.94,4.21,4.14,0.72,4.32,8.06,4.69,0.26,0,3.25,8.72,9.1,7.97,8.6,4.72,3.78,4.25,10,3.71,0,5.86,3.19,6.51,8,9.22,4,7.07,5.57,5.03,6.58,6,9.25,0,5.4,4.01,5.78,9.83,2.83,9.8,6.02,6.38,6.29,5.38,5.95,132,4,7465,5.36
ARE,United Arab Emirates,4.8,6.75,7.45,6.33,9.74,5,10,7.5,10,10,8.5,10,7.5,0,0,0,5.83,8.02,10,0,0,3.33,7.5,8.52,4.35,6.79,0,0,0,0,0,0,0,10,8.91,1.67,2.5,10,10,5,6.87,,0,0,0,0,0,0,0,0,5.29,5.12,8.36,4,10,10,10,6.87,7.86,6.87,7.9,8.33,6.67,5.51,9.91,9.04,9.06,0.51,5.98,8.4,6.09,9.28,10,8.44,9.99,9.06,7.16,8.74,7.45,8.3,7.87,10,7.66,5.83,5.31,6.27,8.22,5,8.24,10,7.75,10,7.23,9.48,6,10,0,7.12,7.21,9.33,9.59,8.24,10,9.87,9.04,7.97,7.5,6.39,116,3,65975,2.7
GBR,United Kingdom,8.22,7.54,7.56,7.77,9.63,10,10,10,9.99,9.93,9.98,10,10,10,10,10,10,9.87,10,10,10,10,10,7.82,5.84,7.88,10,10,10,10,10,10,10,10,10,7,7.75,10,10,10,9.25,7,10,10,10,10,10,10,10,9.25,9.05,5,6.01,8,6,2,4,5.75,8.84,7.51,8.8,10,8.33,4.5,8.02,8.43,6.86,1,7.92,9.7,9.68,9.99,10,9.84,9.1,8.98,7,8.36,6.55,9.31,7.93,10,8.47,4.62,9.07,7.38,8.42,10,6.55,8,8.18,8.9,6.83,8.92,8,8.53,10,8.53,5.09,8.44,9.85,7.3,9.52,8.77,8.16,8.29,8.05,8.55,9,1,38509,8.04
USA,United States,8.09,6.53,6.78,7.13,8.05,10,9.93,10,9.95,9.97,9.97,10,10,10,10,10,10,9.34,10,10,10,10,10,7.35,8.47,8.61,10,10,10,10,10,10,10,9.38,10,8,7.5,10,10,10,9.27,7,10,10,10,10,10,10,10,9.25,8.83,6.62,6.08,8,5,5,5,6.43,7.11,6.56,7.69,6.67,8.33,5.45,8.92,8.29,6.01,1,7.23,9.2,9.87,9.98,10,9.76,9.5,9.3,6.33,8.38,6.37,9.76,8.07,10,6.7,3.85,0.55,3.7,7.54,10,8.02,10,9.34,10,6.91,8.88,10,10,10,9.3,5.06,7.56,9.81,5.93,9.6,8.04,7.67,8.77,7.94,8.39,17,1,52790,8.01
URY,Uruguay,7.75,7.3,5.85,6.97,6.63,10,10,10,10,10,10,10,10,5,5,5,8.33,8.32,10,10,10,10,7.5,10,9.22,8.91,7.5,10,8.75,5,7.5,7.08,8.19,10,10,8,7.25,10,7.5,10,8.96,10,10,10,10,10,10,10,10,10,8.43,6.69,5.98,7,9,7,8,6.92,7.7,4.86,6.95,5.83,4.17,3.59,6.45,5.4,4.56,1,5.5,8.38,9.67,8.27,10,9.08,8.45,7.9,6.81,7.72,6.01,5.59,5.8,10,7.29,8.46,7.74,7.83,7.84,5,7.66,9,7.22,5.57,2.93,2.95,8,4.61,10,5.68,3.49,5.33,9.56,6.48,6.82,6.96,6.44,6.45,7.16,7.79,42,2,19831,7.72
VEN,Venezuela,1.18,2.92,1.35,1.82,0,10,10,5,9.99,10,9,10,10,10,10,10,10,6.33,10,5,10,8.33,2.5,9.29,7.73,6.51,10,10,10,2.5,5,5.83,8.61,10,10,1.33,2.5,7.5,7.5,5,6.26,0,10,10,10,10,10,10,10,7.5,5.76,6.99,5.77,0,8,6,7,4.94,0.19,0.73,1.08,0.83,1.67,3.21,8.13,1.54,1.04,1,2.05,2.77,0,0,5,1.94,8.45,7.42,6.85,7.57,4,0,2,0,3.21,0.77,7.19,3.72,3.32,5,0,5,3.33,0,0.73,2.66,4,,0,1.48,0.65,0,5.23,1.56,5,1.12,2.26,2.36,2.92,4.34,158,4,17665,4.85
VNM,Vietnam,5.79,4.67,5.04,5.17,9.4,5,10,10,10,10,9,10,7.5,5,5,5,7.5,8.63,0,5,5,3.33,5,7.99,6.62,6.54,2.5,2.5,3.75,0,0,1.25,2.08,10,9.35,0,1.75,5,2.5,5,4.8,7,10,10,10,10,10,10,10,9.25,6.05,9.26,,,7,5,6,7.63,4.19,4.16,4.96,5,6.67,5.69,8.72,5.27,6.12,0.78,5.02,8.12,6.71,9.87,0,6.18,9.12,7.16,3.3,6.53,4.89,5.59,5.24,10,5.38,0.77,0.77,2.31,6.02,,7.75,10,8.87,7.77,5.18,6.67,10,2.52,0,5.36,3.73,5.56,9.18,3.79,8.21,3.95,5.74,6.65,6.3,6.17,124,4,5667,3.68
YEM,"Yemen, Rep.",,,,3.24,7.33,0,0,0,0,0,0,6.2,7.5,0,0,0,4.57,3.97,,,0,0,,6.9,6.11,6.51,,,,,,,,0,10,1.33,1.5,,,,3.21,,0,0,0,0,0,0,0,0,3.02,8.26,9.02,2,10,8,9,7.07,2.14,2.71,3.35,4.17,3.33,3.78,9.05,2.03,2.75,0.63,3.02,9.91,7.14,5.22,10,8.07,8.92,8.5,7.87,8.43,4.44,10,7.22,10,2.89,6.92,1,3.6,7.31,,0,10,5,7.77,4.07,6.13,8,2.52,10,6.41,3.44,0,7.84,1.79,7.92,7.22,4.7,5.37,6.17,4.59,156,4,2641,2.58
ZMB,Zambia,3.52,5.02,4.16,4.23,7.54,10,10,7.5,10,10,9.5,9.9,7.5,5,5,5,7.47,8.17,0,10,5,5,,8.91,6.81,7.86,,,7.5,,,,,10,10,3.67,4.25,,,,6.98,10,0,5,2.5,0,0,0,,4.17,6.1,5.12,10,4,7,4,5.5,6.16,4.96,4.77,5.8,8.33,6.67,3.51,5.9,4,6.16,1,5.57,8.09,8.8,7.98,10,8.72,7.5,7.28,1.4,5.39,5.86,0.61,3.23,10,7.27,9.23,10,8.83,6.86,5,7.41,10,7.47,3.33,5.52,7.3,8,0,10,5.69,4.47,3.56,9.37,3.58,7.83,7.92,6.12,6.43,6.75,6.43,112,3,3627,6.01
ZWE,Zimbabwe,2.19,4.59,3.62,3.47,6.99,5,10,5,10,10,8,10,7.5,5,5,5,7.5,7.5,0,5,10,5,2.5,9.36,7.27,6.38,2.5,2.5,2.5,2.5,2.5,2.5,2.5,10,10,2,3.75,2.5,2.5,7.5,5.46,0,,10,10,0,10,5,,5,5.17,5.49,7.75,7,4,4,4,6.06,3.19,3.41,2.64,3.33,5,2.37,6.82,4.17,6.31,0.85,3.82,9.37,8.83,9.52,5,8.18,6.19,6.64,2,4.95,5.63,1.69,3.66,10,3.49,0,8.85,4.11,5.68,8,0,0,2.67,6.67,2.23,2.59,8,6.26,10,5.96,2.26,0.67,5.83,2.76,6.99,7.29,4.3,4.31,5.61,5.39,146,4,1891,3.01
